agent_name,seed,step,action_type,score,money,bonds,delivered_goods_count,completed_routes_count,urbanized_city_count
urbanization_aware_lookahead_greedy,0,1,build_track_segments,0,0,1,0,1,8
urbanization_aware_lookahead_greedy,0,2,build_track_segments,0,0,2,0,2,8
urbanization_aware_lookahead_greedy,0,3,build_track_segments,0,2,5,0,3,8
urbanization_aware_lookahead_greedy,0,4,build_track_segments,0,3,7,0,4,8
urbanization_aware_lookahead_greedy,0,5,build_track_segments,0,3,8,0,5,8
urbanization_aware_lookahead_greedy,0,6,upgrade_engine,0,4,11,0,5,8
urbanization_aware_lookahead_greedy,0,7,build_track_segments,0,0,11,0,6,8
urbanization_aware_lookahead_greedy,0,8,build_track_segments,0,4,13,0,7,8
urbanization_aware_lookahead_greedy,0,9,build_track_segments,0,4,18,0,8,8
urbanization_aware_lookahead_greedy,0,10,urbanize,0,4,20,0,8,9
urbanization_aware_lookahead_greedy,0,11,deliver_good,2,4,20,1,8,9
urbanization_aware_lookahead_greedy,0,12,deliver_good,4,3,23,2,8,9
urbanization_aware_lookahead_greedy,0,13,build_track_segments,4,2,24,2,9,9
urbanization_aware_lookahead_greedy,0,14,urbanize,4,2,26,2,9,10
urbanization_aware_lookahead_greedy,0,15,build_track_segments,4,4,32,2,10,10
urbanization_aware_lookahead_greedy,0,16,deliver_good,6,4,32,3,10,10
urbanization_aware_lookahead_greedy,0,17,deliver_good,8,4,32,4,10,10
urbanization_aware_lookahead_greedy,0,18,upgrade_engine,8,3,39,4,10,10
urbanization_aware_lookahead_greedy,0,19,upgrade_engine,8,3,42,4,10,10
urbanization_aware_lookahead_greedy,0,20,deliver_good,12,3,42,5,10,10
urbanization_aware_lookahead_greedy,0,21,deliver_good,16,2,47,6,10,10
urbanization_aware_lookahead_greedy,0,22,deliver_good,20,2,47,7,10,10
urbanization_aware_lookahead_greedy,0,23,deliver_good,24,2,47,8,10,10
urbanization_aware_lookahead_greedy,0,24,deliver_good,27,2,51,9,10,10
urbanization_aware_lookahead_greedy,0,25,deliver_good,30,2,51,10,10,10
urbanization_aware_lookahead_greedy,0,26,build_track_segments,30,0,52,10,11,10
urbanization_aware_lookahead_greedy,0,27,deliver_good,33,1,56,11,11,10
urbanization_aware_lookahead_greedy,0,28,build_track_segments,33,3,58,11,12,10
urbanization_aware_lookahead_greedy,0,29,deliver_good,36,3,58,12,12,10
urbanization_aware_lookahead_greedy,0,30,build_track_segments,36,0,64,12,13,10
urbanization_aware_lookahead_greedy,0,31,deliver_good,39,0,64,13,13,10
urbanization_aware_lookahead_greedy,0,32,build_track_segments,39,2,66,13,14,10
urbanization_aware_lookahead_greedy,0,33,build_track_segments,39,4,74,13,15,10
urbanization_aware_lookahead_greedy,0,34,upgrade_engine,39,4,78,13,15,10
urbanization_aware_lookahead_greedy,0,35,upgrade_engine,39,4,83,13,15,10
urbanization_aware_lookahead_greedy,0,36,upgrade_engine,39,4,99,13,15,10
urbanization_aware_lookahead_greedy,0,37,deliver_good,46,4,99,14,15,10
urbanization_aware_lookahead_greedy,0,38,deliver_good,53,4,99,15,15,10
urbanization_aware_lookahead_greedy,0,39,deliver_good,60,0,106,16,15,10
urbanization_aware_lookahead_greedy,0,40,deliver_good,67,0,106,17,15,10
urbanization_aware_lookahead_greedy,0,41,deliver_good,74,0,106,18,15,10
urbanization_aware_lookahead_greedy,0,42,deliver_good,80,4,112,19,15,10
urbanization_aware_lookahead_greedy,0,43,deliver_good,86,4,112,20,15,10
urbanization_aware_lookahead_greedy,0,44,upgrade_engine,86,4,119,20,15,10
urbanization_aware_lookahead_greedy,0,45,deliver_good,94,4,124,21,15,10
presentation_lookahead_greedy,0,1,build_track_segments,0,0,1,0,1,8
presentation_lookahead_greedy,0,2,build_track_segments,0,0,2,0,2,8
presentation_lookahead_greedy,0,3,build_track_segments,0,2,5,0,3,8
presentation_lookahead_greedy,0,4,build_track_segments,0,3,7,0,4,8
presentation_lookahead_greedy,0,5,build_track_segments,0,3,8,0,5,8
presentation_lookahead_greedy,0,6,upgrade_engine,0,4,11,0,5,8
presentation_lookahead_greedy,0,7,build_track_segments,0,0,11,0,6,8
presentation_lookahead_greedy,0,8,build_track_segments,0,4,13,0,7,8
presentation_lookahead_greedy,0,9,build_track_segments,0,4,18,0,8,8
presentation_lookahead_greedy,0,10,deliver_good,2,4,18,1,8,8
presentation_lookahead_greedy,0,11,deliver_good,4,4,18,2,8,8
presentation_lookahead_greedy,0,12,deliver_good,6,2,20,3,8,8
presentation_lookahead_greedy,0,13,deliver_good,8,2,20,4,8,8
presentation_lookahead_greedy,0,14,upgrade_engine,8,2,22,4,8,8
presentation_lookahead_greedy,0,15,urbanize,8,1,27,4,8,9
presentation_lookahead_greedy,0,16,deliver_good,11,1,27,5,8,9
presentation_lookahead_greedy,0,17,upgrade_engine,11,1,30,5,8,9
presentation_lookahead_greedy,0,18,deliver_good,15,1,33,6,8,9
presentation_lookahead_greedy,0,19,deliver_good,19,1,33,7,8,9
presentation_lookahead_greedy,0,20,deliver_good,23,1,33,8,8,9
presentation_lookahead_greedy,0,21,deliver_good,27,0,34,9,8,9
presentation_lookahead_greedy,0,22,deliver_good,30,0,34,10,8,9
presentation_lookahead_greedy,0,23,build_track_segments,30,3,36,10,9,9
presentation_lookahead_greedy,0,24,deliver_good,33,0,36,11,9,9
presentation_lookahead_greedy,0,25,build_track_segments,33,1,38,11,10,9
presentation_lookahead_greedy,0,26,deliver_good,36,1,38,12,10,9
presentation_lookahead_greedy,0,27,build_track_segments,36,3,40,12,11,9
presentation_lookahead_greedy,0,28,urbanize,36,3,42,12,11,10
presentation_lookahead_greedy,0,29,deliver_good,38,3,42,13,11,10
presentation_lookahead_greedy,0,30,deliver_good,40,1,42,14,11,10
presentation_lookahead_greedy,0,31,build_track_segments,40,0,43,14,12,10
presentation_lookahead_greedy,0,32,deliver_good,44,0,43,15,12,10
presentation_lookahead_greedy,0,33,build_track_segments,44,1,45,15,13,10
presentation_lookahead_greedy,0,34,build_track_segments,44,3,47,15,14,10
presentation_lookahead_greedy,0,35,build_track_segments,44,4,49,15,15,10
presentation_lookahead_greedy,0,36,upgrade_engine,44,0,54,15,15,10
presentation_lookahead_greedy,0,37,upgrade_engine,44,0,59,15,15,10
presentation_lookahead_greedy,0,38,deliver_good,50,0,59,16,15,10
presentation_lookahead_greedy,0,39,deliver_good,56,2,60,17,15,10
presentation_lookahead_greedy,0,40,upgrade_engine,56,2,66,17,15,10
presentation_lookahead_greedy,0,41,deliver_good,63,2,66,18,15,10
presentation_lookahead_greedy,0,42,deliver_good,70,6,66,19,15,10
presentation_lookahead_greedy,0,43,deliver_good,77,6,66,20,15,10
presentation_lookahead_greedy,0,44,upgrade_engine,77,1,72,20,15,10
presentation_lookahead_greedy,0,45,deliver_good,85,14,72,21,15,10
objective_aware_greedy,0,1,build_track_segments,0,1,2,0,1,8
objective_aware_greedy,0,2,build_track_segments,0,1,3,0,2,8
objective_aware_greedy,0,3,build_track_segments,0,2,6,0,3,8
objective_aware_greedy,0,4,build_track_segments,0,3,8,0,4,8
objective_aware_greedy,0,5,build_track_segments,0,1,9,0,5,8
objective_aware_greedy,0,6,build_track_segments,0,0,13,0,6,8
objective_aware_greedy,0,7,build_track_segments,0,0,14,0,7,8
objective_aware_greedy,0,8,upgrade_engine,0,0,15,0,7,8
objective_aware_greedy,0,9,deliver_good,2,2,18,1,7,8
objective_aware_greedy,0,10,deliver_good,4,2,18,2,7,8
objective_aware_greedy,0,11,build_track_segments,4,3,19,2,8,8
objective_aware_greedy,0,12,deliver_good,6,0,21,3,8,8
objective_aware_greedy,0,13,deliver_good,8,0,21,4,8,8
objective_aware_greedy,0,14,upgrade_engine,8,0,23,4,8,8
objective_aware_greedy,0,15,deliver_good,11,3,26,5,8,8
objective_aware_greedy,0,16,deliver_good,14,3,26,6,8,8
objective_aware_greedy,0,17,deliver_good,17,3,26,7,8,8
objective_aware_greedy,0,18,deliver_good,20,2,27,8,8,8
objective_aware_greedy,0,19,build_track_segments,20,4,29,8,9,8
objective_aware_greedy,0,20,deliver_good,23,4,29,9,9,8
objective_aware_greedy,0,21,build_track_segments,23,3,32,9,10,8
objective_aware_greedy,0,22,deliver_good,26,3,32,10,10,8
objective_aware_greedy,0,23,build_track_segments,26,3,33,10,11,8
objective_aware_greedy,0,24,build_track_segments,26,0,35,10,12,8
objective_aware_greedy,0,25,upgrade_engine,26,0,38,10,12,8
objective_aware_greedy,0,26,deliver_good,30,0,38,11,12,8
objective_aware_greedy,0,27,build_track_segments,30,4,42,11,13,8
objective_aware_greedy,0,28,deliver_good,34,4,42,12,13,8
objective_aware_greedy,0,29,build_track_segments,34,3,43,12,14,8
objective_aware_greedy,0,30,build_track_segments,34,0,46,12,15,8
objective_aware_greedy,0,31,pass,34,0,46,12,15,8
objective_aware_greedy,0,32,pass,34,0,46,12,15,8
objective_aware_greedy,0,33,pass,34,3,49,12,15,8
objective_aware_greedy,0,34,pass,34,3,49,12,15,8
objective_aware_greedy,0,35,pass,34,3,49,12,15,8
objective_aware_greedy,0,36,pass,34,3,52,12,15,8
objective_aware_greedy,0,37,pass,34,3,52,12,15,8
objective_aware_greedy,0,38,pass,34,3,52,12,15,8
objective_aware_greedy,0,39,pass,34,0,55,12,15,8
objective_aware_greedy,0,40,pass,34,0,55,12,15,8
objective_aware_greedy,0,41,pass,34,0,55,12,15,8
objective_aware_greedy,0,42,pass,34,4,60,12,15,8
objective_aware_greedy,0,43,pass,34,4,60,12,15,8
objective_aware_greedy,0,44,pass,34,4,60,12,15,8
objective_aware_greedy,0,45,pass,34,3,65,12,15,8
objective_aware_greedy,0,46,pass,34,3,65,12,15,8
objective_aware_greedy,0,47,pass,34,3,65,12,15,8
objective_aware_greedy,0,48,pass,34,2,71,12,15,8
objective_aware_greedy,0,49,pass,34,2,71,12,15,8
objective_aware_greedy,0,50,pass,34,2,71,12,15,8
objective_aware_greedy,0,51,pass,34,0,78,12,15,8
objective_aware_greedy,0,52,pass,34,0,78,12,15,8
objective_aware_greedy,0,53,pass,34,0,78,12,15,8
objective_aware_greedy,0,54,pass,34,1,87,12,15,8
objective_aware_greedy,0,55,pass,34,1,87,12,15,8
objective_aware_greedy,0,56,pass,34,1,87,12,15,8
objective_aware_greedy,0,57,pass,34,3,98,12,15,8
objective_aware_greedy,0,58,pass,34,3,98,12,15,8
objective_aware_greedy,0,59,pass,34,3,98,12,15,8
objective_aware_greedy,0,60,pass,34,4,111,12,15,8
urbanization_aware_lookahead_greedy,1,1,build_track_segments,0,0,1,0,1,8
urbanization_aware_lookahead_greedy,1,2,build_track_segments,0,0,2,0,2,8
urbanization_aware_lookahead_greedy,1,3,build_track_segments,0,2,5,0,3,8
urbanization_aware_lookahead_greedy,1,4,build_track_segments,0,3,7,0,4,8
urbanization_aware_lookahead_greedy,1,5,build_track_segments,0,3,8,0,5,8
urbanization_aware_lookahead_greedy,1,6,upgrade_engine,0,4,11,0,5,8
urbanization_aware_lookahead_greedy,1,7,build_track_segments,0,0,11,0,6,8
urbanization_aware_lookahead_greedy,1,8,build_track_segments,0,4,13,0,7,8
urbanization_aware_lookahead_greedy,1,9,build_track_segments,0,4,18,0,8,8
urbanization_aware_lookahead_greedy,1,10,urbanize,0,4,20,0,8,9
urbanization_aware_lookahead_greedy,1,11,upgrade_engine,0,4,22,0,8,9
urbanization_aware_lookahead_greedy,1,12,upgrade_engine,0,4,30,0,8,9
urbanization_aware_lookahead_greedy,1,13,deliver_good,4,4,30,1,8,9
urbanization_aware_lookahead_greedy,1,14,deliver_good,8,4,30,2,8,9
urbanization_aware_lookahead_greedy,1,15,urbanize,8,0,36,2,8,10
urbanization_aware_lookahead_greedy,1,16,build_track_segments,8,4,38,2,9,10
urbanization_aware_lookahead_greedy,1,17,deliver_good,12,4,38,3,9,10
urbanization_aware_lookahead_greedy,1,18,deliver_good,16,2,42,4,9,10
urbanization_aware_lookahead_greedy,1,19,deliver_good,20,2,42,5,9,10
urbanization_aware_lookahead_greedy,1,20,deliver_good,23,2,42,6,9,10
urbanization_aware_lookahead_greedy,1,21,deliver_good,26,1,45,7,9,10
urbanization_aware_lookahead_greedy,1,22,deliver_good,29,1,45,8,9,10
urbanization_aware_lookahead_greedy,1,23,deliver_good,31,1,45,9,9,10
urbanization_aware_lookahead_greedy,1,24,build_track_segments,31,1,49,9,10,10
urbanization_aware_lookahead_greedy,1,25,deliver_good,35,1,49,10,10,10
urbanization_aware_lookahead_greedy,1,26,deliver_good,37,1,49,11,10,10
urbanization_aware_lookahead_greedy,1,27,deliver_good,39,1,51,12,10,10
urbanization_aware_lookahead_greedy,1,28,build_track_segments,39,4,53,12,11,10
urbanization_aware_lookahead_greedy,1,29,deliver_good,42,4,53,13,11,10
urbanization_aware_lookahead_greedy,1,30,build_track_segments,42,4,57,13,12,10
urbanization_aware_lookahead_greedy,1,31,deliver_good,45,4,57,14,12,10
urbanization_aware_lookahead_greedy,1,32,build_track_segments,45,0,58,14,13,10
urbanization_aware_lookahead_greedy,1,33,deliver_good,48,0,60,15,13,10
urbanization_aware_lookahead_greedy,1,34,build_track_segments,48,2,62,15,14,10
urbanization_aware_lookahead_greedy,1,35,build_track_segments,48,3,64,15,15,10
urbanization_aware_lookahead_greedy,1,36,upgrade_engine,48,3,72,15,15,10
urbanization_aware_lookahead_greedy,1,37,upgrade_engine,48,3,77,15,15,10
urbanization_aware_lookahead_greedy,1,38,deliver_good,54,3,77,16,15,10
urbanization_aware_lookahead_greedy,1,39,deliver_good,60,1,80,17,15,10
urbanization_aware_lookahead_greedy,1,40,deliver_good,66,1,80,18,15,10
urbanization_aware_lookahead_greedy,1,41,upgrade_engine,66,1,86,18,15,10
urbanization_aware_lookahead_greedy,1,42,deliver_good,73,3,89,19,15,10
urbanization_aware_lookahead_greedy,1,43,deliver_good,80,3,89,20,15,10
urbanization_aware_lookahead_greedy,1,44,upgrade_engine,80,3,96,20,15,10
urbanization_aware_lookahead_greedy,1,45,deliver_good,88,0,97,21,15,10
presentation_lookahead_greedy,1,1,build_track_segments,0,0,1,0,1,8
presentation_lookahead_greedy,1,2,build_track_segments,0,0,2,0,2,8
presentation_lookahead_greedy,1,3,build_track_segments,0,2,5,0,3,8
presentation_lookahead_greedy,1,4,build_track_segments,0,3,7,0,4,8
presentation_lookahead_greedy,1,5,build_track_segments,0,3,8,0,5,8
presentation_lookahead_greedy,1,6,upgrade_engine,0,4,11,0,5,8
presentation_lookahead_greedy,1,7,build_track_segments,0,0,11,0,6,8
presentation_lookahead_greedy,1,8,build_track_segments,0,4,13,0,7,8
presentation_lookahead_greedy,1,9,build_track_segments,0,4,18,0,8,8
presentation_lookahead_greedy,1,10,deliver_good,2,4,18,1,8,8
presentation_lookahead_greedy,1,11,deliver_good,4,4,18,2,8,8
presentation_lookahead_greedy,1,12,deliver_good,6,2,20,3,8,8
presentation_lookahead_greedy,1,13,deliver_good,8,2,20,4,8,8
presentation_lookahead_greedy,1,14,upgrade_engine,8,2,22,4,8,8
presentation_lookahead_greedy,1,15,urbanize,8,1,27,4,8,9
presentation_lookahead_greedy,1,16,deliver_good,11,1,27,5,8,9
presentation_lookahead_greedy,1,17,deliver_good,14,1,27,6,8,9
presentation_lookahead_greedy,1,18,upgrade_engine,14,0,33,6,8,9
presentation_lookahead_greedy,1,19,deliver_good,18,0,33,7,8,9
presentation_lookahead_greedy,1,20,deliver_good,22,0,33,8,8,9
presentation_lookahead_greedy,1,21,deliver_good,26,3,35,9,8,9
presentation_lookahead_greedy,1,22,deliver_good,30,3,35,10,8,9
presentation_lookahead_greedy,1,23,deliver_good,33,3,35,11,8,9
presentation_lookahead_greedy,1,24,build_track_segments,33,3,37,11,9,9
presentation_lookahead_greedy,1,25,deliver_good,36,3,37,12,9,9
presentation_lookahead_greedy,1,26,build_track_segments,36,4,39,12,10,9
presentation_lookahead_greedy,1,27,deliver_good,39,4,39,13,10,9
presentation_lookahead_greedy,1,28,build_track_segments,39,3,40,13,11,9
presentation_lookahead_greedy,1,29,urbanize,39,3,42,13,11,10
presentation_lookahead_greedy,1,30,deliver_good,43,4,42,14,11,10
presentation_lookahead_greedy,1,31,deliver_good,47,4,42,15,11,10
presentation_lookahead_greedy,1,32,build_track_segments,47,4,43,15,12,10
presentation_lookahead_greedy,1,33,deliver_good,51,12,43,16,12,10
presentation_lookahead_greedy,1,34,build_track_segments,51,4,43,16,13,10
presentation_lookahead_greedy,1,35,build_track_segments,51,1,44,16,14,10
presentation_lookahead_greedy,1,36,build_track_segments,51,7,46,16,15,10
presentation_lookahead_greedy,1,37,upgrade_engine,51,2,49,16,15,10
presentation_lookahead_greedy,1,38,upgrade_engine,51,2,54,16,15,10
presentation_lookahead_greedy,1,39,deliver_good,57,5,54,17,15,10
presentation_lookahead_greedy,1,40,deliver_good,63,5,54,18,15,10
presentation_lookahead_greedy,1,41,upgrade_engine,63,0,59,18,15,10
presentation_lookahead_greedy,1,42,deliver_good,70,11,59,19,15,10
presentation_lookahead_greedy,1,43,deliver_good,77,11,59,20,15,10
presentation_lookahead_greedy,1,44,upgrade_engine,77,1,64,20,15,10
presentation_lookahead_greedy,1,45,deliver_good,85,22,64,21,15,10
objective_aware_greedy,1,1,build_track_segments,0,1,2,0,1,8
objective_aware_greedy,1,2,build_track_segments,0,1,3,0,2,8
objective_aware_greedy,1,3,build_track_segments,0,2,6,0,3,8
objective_aware_greedy,1,4,build_track_segments,0,3,8,0,4,8
objective_aware_greedy,1,5,build_track_segments,0,1,9,0,5,8
objective_aware_greedy,1,6,build_track_segments,0,0,13,0,6,8
objective_aware_greedy,1,7,build_track_segments,0,0,14,0,7,8
objective_aware_greedy,1,8,upgrade_engine,0,0,15,0,7,8
objective_aware_greedy,1,9,deliver_good,2,2,18,1,7,8
objective_aware_greedy,1,10,deliver_good,4,2,18,2,7,8
objective_aware_greedy,1,11,build_track_segments,4,3,19,2,8,8
objective_aware_greedy,1,12,deliver_good,6,0,21,3,8,8
objective_aware_greedy,1,13,deliver_good,8,0,21,4,8,8
objective_aware_greedy,1,14,upgrade_engine,8,0,23,4,8,8
objective_aware_greedy,1,15,deliver_good,11,3,26,5,8,8
objective_aware_greedy,1,16,deliver_good,14,3,26,6,8,8
objective_aware_greedy,1,17,deliver_good,17,3,26,7,8,8
objective_aware_greedy,1,18,deliver_good,20,2,27,8,8,8
objective_aware_greedy,1,19,build_track_segments,20,4,29,8,9,8
objective_aware_greedy,1,20,deliver_good,23,4,29,9,9,8
objective_aware_greedy,1,21,build_track_segments,23,3,32,9,10,8
objective_aware_greedy,1,22,deliver_good,26,3,32,10,10,8
objective_aware_greedy,1,23,build_track_segments,26,3,33,10,11,8
objective_aware_greedy,1,24,build_track_segments,26,0,35,10,12,8
objective_aware_greedy,1,25,upgrade_engine,26,0,38,10,12,8
objective_aware_greedy,1,26,deliver_good,30,0,38,11,12,8
objective_aware_greedy,1,27,build_track_segments,30,4,42,11,13,8
objective_aware_greedy,1,28,deliver_good,34,4,42,12,13,8
objective_aware_greedy,1,29,build_track_segments,34,3,43,12,14,8
objective_aware_greedy,1,30,build_track_segments,34,0,46,12,15,8
objective_aware_greedy,1,31,pass,34,0,46,12,15,8
objective_aware_greedy,1,32,pass,34,0,46,12,15,8
objective_aware_greedy,1,33,pass,34,3,49,12,15,8
objective_aware_greedy,1,34,pass,34,3,49,12,15,8
objective_aware_greedy,1,35,pass,34,3,49,12,15,8
objective_aware_greedy,1,36,pass,34,3,52,12,15,8
objective_aware_greedy,1,37,pass,34,3,52,12,15,8
objective_aware_greedy,1,38,pass,34,3,52,12,15,8
objective_aware_greedy,1,39,pass,34,0,55,12,15,8
objective_aware_greedy,1,40,pass,34,0,55,12,15,8
objective_aware_greedy,1,41,pass,34,0,55,12,15,8
objective_aware_greedy,1,42,pass,34,4,60,12,15,8
objective_aware_greedy,1,43,pass,34,4,60,12,15,8
objective_aware_greedy,1,44,pass,34,4,60,12,15,8
objective_aware_greedy,1,45,pass,34,3,65,12,15,8
objective_aware_greedy,1,46,pass,34,3,65,12,15,8
objective_aware_greedy,1,47,pass,34,3,65,12,15,8
objective_aware_greedy,1,48,pass,34,2,71,12,15,8
objective_aware_greedy,1,49,pass,34,2,71,12,15,8
objective_aware_greedy,1,50,pass,34,2,71,12,15,8
objective_aware_greedy,1,51,pass,34,0,78,12,15,8
objective_aware_greedy,1,52,pass,34,0,78,12,15,8
objective_aware_greedy,1,53,pass,34,0,78,12,15,8
objective_aware_greedy,1,54,pass,34,1,87,12,15,8
objective_aware_greedy,1,55,pass,34,1,87,12,15,8
objective_aware_greedy,1,56,pass,34,1,87,12,15,8
objective_aware_greedy,1,57,pass,34,3,98,12,15,8
objective_aware_greedy,1,58,pass,34,3,98,12,15,8
objective_aware_greedy,1,59,pass,34,3,98,12,15,8
objective_aware_greedy,1,60,pass,34,4,111,12,15,8
urbanization_aware_lookahead_greedy,2,1,build_track_segments,0,0,1,0,1,8
urbanization_aware_lookahead_greedy,2,2,build_track_segments,0,0,2,0,2,8
urbanization_aware_lookahead_greedy,2,3,build_track_segments,0,2,5,0,3,8
urbanization_aware_lookahead_greedy,2,4,build_track_segments,0,3,7,0,4,8
urbanization_aware_lookahead_greedy,2,5,build_track_segments,0,3,8,0,5,8
urbanization_aware_lookahead_greedy,2,6,upgrade_engine,0,4,11,0,5,8
urbanization_aware_lookahead_greedy,2,7,build_track_segments,0,0,11,0,6,8
urbanization_aware_lookahead_greedy,2,8,build_track_segments,0,4,13,0,7,8
urbanization_aware_lookahead_greedy,2,9,build_track_segments,0,4,18,0,8,8
urbanization_aware_lookahead_greedy,2,10,urbanize,0,4,20,0,8,9
urbanization_aware_lookahead_greedy,2,11,build_track_segments,0,3,21,0,9,9
urbanization_aware_lookahead_greedy,2,12,urbanize,0,0,27,0,9,10
urbanization_aware_lookahead_greedy,2,13,build_track_segments,0,0,28,0,10,10
urbanization_aware_lookahead_greedy,2,14,deliver_good,2,0,28,1,10,10
urbanization_aware_lookahead_greedy,2,15,deliver_good,4,1,33,2,10,10
urbanization_aware_lookahead_greedy,2,16,deliver_good,6,1,33,3,10,10
urbanization_aware_lookahead_greedy,2,17,deliver_good,8,1,33,4,10,10
urbanization_aware_lookahead_greedy,2,18,deliver_good,10,3,38,5,10,10
urbanization_aware_lookahead_greedy,2,19,deliver_good,12,3,38,6,10,10
urbanization_aware_lookahead_greedy,2,20,upgrade_engine,12,3,40,6,10,10
urbanization_aware_lookahead_greedy,2,21,upgrade_engine,12,2,49,6,10,10
urbanization_aware_lookahead_greedy,2,22,deliver_good,16,2,49,7,10,10
urbanization_aware_lookahead_greedy,2,23,deliver_good,20,2,49,8,10,10
urbanization_aware_lookahead_greedy,2,24,deliver_good,24,2,54,9,10,10
urbanization_aware_lookahead_greedy,2,25,deliver_good,28,2,54,10,10,10
urbanization_aware_lookahead_greedy,2,26,deliver_good,31,2,54,11,10,10
urbanization_aware_lookahead_greedy,2,27,deliver_good,34,2,58,12,10,10
urbanization_aware_lookahead_greedy,2,28,build_track_segments,34,0,59,12,11,10
urbanization_aware_lookahead_greedy,2,29,deliver_good,37,0,59,13,11,10
urbanization_aware_lookahead_greedy,2,30,build_track_segments,37,3,66,13,12,10
urbanization_aware_lookahead_greedy,2,31,deliver_good,40,3,66,14,12,10
urbanization_aware_lookahead_greedy,2,32,build_track_segments,40,4,68,14,13,10
urbanization_aware_lookahead_greedy,2,33,deliver_good,43,4,73,15,13,10
urbanization_aware_lookahead_greedy,2,34,build_track_segments,43,1,74,15,14,10
urbanization_aware_lookahead_greedy,2,35,build_track_segments,43,2,76,15,15,10
urbanization_aware_lookahead_greedy,2,36,upgrade_engine,43,0,87,15,15,10
urbanization_aware_lookahead_greedy,2,37,upgrade_engine,43,0,92,15,15,10
urbanization_aware_lookahead_greedy,2,38,deliver_good,49,0,92,16,15,10
urbanization_aware_lookahead_greedy,2,39,deliver_good,55,3,100,17,15,10
urbanization_aware_lookahead_greedy,2,40,deliver_good,61,3,100,18,15,10
urbanization_aware_lookahead_greedy,2,41,upgrade_engine,61,3,106,18,15,10
urbanization_aware_lookahead_greedy,2,42,deliver_good,68,0,113,19,15,10
urbanization_aware_lookahead_greedy,2,43,deliver_good,75,0,113,20,15,10
urbanization_aware_lookahead_greedy,2,44,upgrade_engine,75,0,120,20,15,10
urbanization_aware_lookahead_greedy,2,45,deliver_good,83,3,128,21,15,10
presentation_lookahead_greedy,2,1,build_track_segments,0,0,1,0,1,8
presentation_lookahead_greedy,2,2,build_track_segments,0,0,2,0,2,8
presentation_lookahead_greedy,2,3,build_track_segments,0,2,5,0,3,8
presentation_lookahead_greedy,2,4,build_track_segments,0,3,7,0,4,8
presentation_lookahead_greedy,2,5,build_track_segments,0,3,8,0,5,8
presentation_lookahead_greedy,2,6,upgrade_engine,0,4,11,0,5,8
presentation_lookahead_greedy,2,7,build_track_segments,0,0,11,0,6,8
presentation_lookahead_greedy,2,8,build_track_segments,0,4,13,0,7,8
presentation_lookahead_greedy,2,9,build_track_segments,0,4,18,0,8,8
presentation_lookahead_greedy,2,10,deliver_good,2,4,18,1,8,8
presentation_lookahead_greedy,2,11,deliver_good,4,4,18,2,8,8
presentation_lookahead_greedy,2,12,deliver_good,6,2,20,3,8,8
presentation_lookahead_greedy,2,13,deliver_good,8,2,20,4,8,8
presentation_lookahead_greedy,2,14,upgrade_engine,8,2,22,4,8,8
presentation_lookahead_greedy,2,15,urbanize,8,1,27,4,8,9
presentation_lookahead_greedy,2,16,deliver_good,11,1,27,5,8,9
presentation_lookahead_greedy,2,17,upgrade_engine,11,1,30,5,8,9
presentation_lookahead_greedy,2,18,deliver_good,15,1,33,6,8,9
presentation_lookahead_greedy,2,19,deliver_good,19,1,33,7,8,9
presentation_lookahead_greedy,2,20,deliver_good,23,1,33,8,8,9
presentation_lookahead_greedy,2,21,deliver_good,27,0,34,9,8,9
presentation_lookahead_greedy,2,22,deliver_good,30,0,34,10,8,9
presentation_lookahead_greedy,2,23,build_track_segments,30,3,36,10,9,9
presentation_lookahead_greedy,2,24,deliver_good,33,0,36,11,9,9
presentation_lookahead_greedy,2,25,build_track_segments,33,1,38,11,10,9
presentation_lookahead_greedy,2,26,deliver_good,36,1,38,12,10,9
presentation_lookahead_greedy,2,27,build_track_segments,36,2,40,12,11,9
presentation_lookahead_greedy,2,28,urbanize,36,2,42,12,11,10
presentation_lookahead_greedy,2,29,deliver_good,40,2,42,13,11,10
presentation_lookahead_greedy,2,30,deliver_good,44,4,42,14,11,10
presentation_lookahead_greedy,2,31,build_track_segments,44,4,43,14,12,10
presentation_lookahead_greedy,2,32,build_track_segments,44,1,44,14,13,10
presentation_lookahead_greedy,2,33,build_track_segments,44,1,46,14,14,10
presentation_lookahead_greedy,2,34,build_track_segments,44,2,48,14,15,10
presentation_lookahead_greedy,2,35,upgrade_engine,44,2,52,14,15,10
presentation_lookahead_greedy,2,36,deliver_good,49,4,53,15,15,10
presentation_lookahead_greedy,2,37,upgrade_engine,49,4,58,15,15,10
presentation_lookahead_greedy,2,38,deliver_good,55,4,58,16,15,10
presentation_lookahead_greedy,2,39,deliver_good,61,7,58,17,15,10
presentation_lookahead_greedy,2,40,deliver_good,67,7,58,18,15,10
presentation_lookahead_greedy,2,41,upgrade_engine,67,2,63,18,15,10
presentation_lookahead_greedy,2,42,deliver_good,74,13,63,19,15,10
presentation_lookahead_greedy,2,43,deliver_good,81,13,63,20,15,10
presentation_lookahead_greedy,2,44,deliver_good,88,13,63,21,15,10
presentation_lookahead_greedy,2,45,upgrade_engine,88,23,68,21,15,10
objective_aware_greedy,2,1,build_track_segments,0,1,2,0,1,8
objective_aware_greedy,2,2,build_track_segments,0,1,3,0,2,8
objective_aware_greedy,2,3,build_track_segments,0,2,6,0,3,8
objective_aware_greedy,2,4,build_track_segments,0,3,8,0,4,8
objective_aware_greedy,2,5,build_track_segments,0,1,9,0,5,8
objective_aware_greedy,2,6,build_track_segments,0,0,13,0,6,8
objective_aware_greedy,2,7,build_track_segments,0,0,14,0,7,8
objective_aware_greedy,2,8,upgrade_engine,0,0,15,0,7,8
objective_aware_greedy,2,9,deliver_good,2,2,18,1,7,8
objective_aware_greedy,2,10,deliver_good,4,2,18,2,7,8
objective_aware_greedy,2,11,build_track_segments,4,3,19,2,8,8
objective_aware_greedy,2,12,deliver_good,6,0,21,3,8,8
objective_aware_greedy,2,13,deliver_good,8,0,21,4,8,8
objective_aware_greedy,2,14,upgrade_engine,8,0,23,4,8,8
objective_aware_greedy,2,15,deliver_good,11,3,26,5,8,8
objective_aware_greedy,2,16,deliver_good,14,3,26,6,8,8
objective_aware_greedy,2,17,deliver_good,17,3,26,7,8,8
objective_aware_greedy,2,18,deliver_good,20,2,27,8,8,8
objective_aware_greedy,2,19,build_track_segments,20,4,29,8,9,8
objective_aware_greedy,2,20,deliver_good,23,4,29,9,9,8
objective_aware_greedy,2,21,build_track_segments,23,3,32,9,10,8
objective_aware_greedy,2,22,deliver_good,26,3,32,10,10,8
objective_aware_greedy,2,23,build_track_segments,26,3,33,10,11,8
objective_aware_greedy,2,24,build_track_segments,26,0,35,10,12,8
objective_aware_greedy,2,25,upgrade_engine,26,0,38,10,12,8
objective_aware_greedy,2,26,deliver_good,30,0,38,11,12,8
objective_aware_greedy,2,27,build_track_segments,30,4,42,11,13,8
objective_aware_greedy,2,28,deliver_good,34,4,42,12,13,8
objective_aware_greedy,2,29,build_track_segments,34,3,43,12,14,8
objective_aware_greedy,2,30,build_track_segments,34,0,46,12,15,8
objective_aware_greedy,2,31,pass,34,0,46,12,15,8
objective_aware_greedy,2,32,pass,34,0,46,12,15,8
objective_aware_greedy,2,33,pass,34,3,49,12,15,8
objective_aware_greedy,2,34,pass,34,3,49,12,15,8
objective_aware_greedy,2,35,pass,34,3,49,12,15,8
objective_aware_greedy,2,36,pass,34,3,52,12,15,8
objective_aware_greedy,2,37,pass,34,3,52,12,15,8
objective_aware_greedy,2,38,pass,34,3,52,12,15,8
objective_aware_greedy,2,39,pass,34,0,55,12,15,8
objective_aware_greedy,2,40,pass,34,0,55,12,15,8
objective_aware_greedy,2,41,pass,34,0,55,12,15,8
objective_aware_greedy,2,42,pass,34,4,60,12,15,8
objective_aware_greedy,2,43,pass,34,4,60,12,15,8
objective_aware_greedy,2,44,pass,34,4,60,12,15,8
objective_aware_greedy,2,45,pass,34,3,65,12,15,8
objective_aware_greedy,2,46,pass,34,3,65,12,15,8
objective_aware_greedy,2,47,pass,34,3,65,12,15,8
objective_aware_greedy,2,48,pass,34,2,71,12,15,8
objective_aware_greedy,2,49,pass,34,2,71,12,15,8
objective_aware_greedy,2,50,pass,34,2,71,12,15,8
objective_aware_greedy,2,51,pass,34,0,78,12,15,8
objective_aware_greedy,2,52,pass,34,0,78,12,15,8
objective_aware_greedy,2,53,pass,34,0,78,12,15,8
objective_aware_greedy,2,54,pass,34,1,87,12,15,8
objective_aware_greedy,2,55,pass,34,1,87,12,15,8
objective_aware_greedy,2,56,pass,34,1,87,12,15,8
objective_aware_greedy,2,57,pass,34,3,98,12,15,8
objective_aware_greedy,2,58,pass,34,3,98,12,15,8
objective_aware_greedy,2,59,pass,34,3,98,12,15,8
objective_aware_greedy,2,60,pass,34,4,111,12,15,8
urbanization_aware_lookahead_greedy,3,1,build_track_segments,0,0,1,0,1,8
urbanization_aware_lookahead_greedy,3,2,build_track_segments,0,0,2,0,2,8
urbanization_aware_lookahead_greedy,3,3,build_track_segments,0,2,5,0,3,8
urbanization_aware_lookahead_greedy,3,4,build_track_segments,0,3,7,0,4,8
urbanization_aware_lookahead_greedy,3,5,build_track_segments,0,3,8,0,5,8
urbanization_aware_lookahead_greedy,3,6,upgrade_engine,0,4,11,0,5,8
urbanization_aware_lookahead_greedy,3,7,build_track_segments,0,0,11,0,6,8
urbanization_aware_lookahead_greedy,3,8,build_track_segments,0,4,13,0,7,8
urbanization_aware_lookahead_greedy,3,9,build_track_segments,0,4,18,0,8,8
urbanization_aware_lookahead_greedy,3,10,urbanize,0,4,20,0,8,9
urbanization_aware_lookahead_greedy,3,11,upgrade_engine,0,4,22,0,8,9
urbanization_aware_lookahead_greedy,3,12,upgrade_engine,0,4,30,0,8,9
urbanization_aware_lookahead_greedy,3,13,deliver_good,4,4,30,1,8,9
urbanization_aware_lookahead_greedy,3,14,deliver_good,8,4,30,2,8,9
urbanization_aware_lookahead_greedy,3,15,urbanize,8,0,36,2,8,10
urbanization_aware_lookahead_greedy,3,16,build_track_segments,8,4,38,2,9,10
urbanization_aware_lookahead_greedy,3,17,deliver_good,12,4,38,3,9,10
urbanization_aware_lookahead_greedy,3,18,deliver_good,16,2,42,4,9,10
urbanization_aware_lookahead_greedy,3,19,deliver_good,19,2,42,5,9,10
urbanization_aware_lookahead_greedy,3,20,deliver_good,22,2,42,6,9,10
urbanization_aware_lookahead_greedy,3,21,deliver_good,25,0,45,7,9,10
urbanization_aware_lookahead_greedy,3,22,deliver_good,27,0,45,8,9,10
urbanization_aware_lookahead_greedy,3,23,deliver_good,29,0,45,9,9,10
urbanization_aware_lookahead_greedy,3,24,deliver_good,31,1,48,10,9,10
urbanization_aware_lookahead_greedy,3,25,deliver_good,33,1,48,11,9,10
urbanization_aware_lookahead_greedy,3,26,build_track_segments,33,1,49,11,10,10
urbanization_aware_lookahead_greedy,3,27,deliver_good,37,4,52,12,10,10
urbanization_aware_lookahead_greedy,3,28,build_track_segments,37,2,53,12,11,10
urbanization_aware_lookahead_greedy,3,29,deliver_good,40,2,53,13,11,10
urbanization_aware_lookahead_greedy,3,30,build_track_segments,40,4,58,13,12,10
urbanization_aware_lookahead_greedy,3,31,deliver_good,43,4,58,14,12,10
urbanization_aware_lookahead_greedy,3,32,build_track_segments,43,0,59,14,13,10
urbanization_aware_lookahead_greedy,3,33,deliver_good,46,2,62,15,13,10
urbanization_aware_lookahead_greedy,3,34,upgrade_engine,46,2,66,15,13,10
urbanization_aware_lookahead_greedy,3,35,deliver_good,51,2,66,16,13,10
urbanization_aware_lookahead_greedy,3,36,upgrade_engine,51,2,75,16,13,10
urbanization_aware_lookahead_greedy,3,37,deliver_good,57,2,75,17,13,10
urbanization_aware_lookahead_greedy,3,38,deliver_good,63,2,75,18,13,10
urbanization_aware_lookahead_greedy,3,39,deliver_good,69,1,76,19,13,10
urbanization_aware_lookahead_greedy,3,40,upgrade_engine,69,1,82,19,13,10
urbanization_aware_lookahead_greedy,3,41,deliver_good,76,1,82,20,13,10
urbanization_aware_lookahead_greedy,3,42,build_track_segments,76,0,85,20,14,10
presentation_lookahead_greedy,3,1,build_track_segments,0,0,1,0,1,8
presentation_lookahead_greedy,3,2,build_track_segments,0,0,2,0,2,8
presentation_lookahead_greedy,3,3,build_track_segments,0,2,5,0,3,8
presentation_lookahead_greedy,3,4,build_track_segments,0,3,7,0,4,8
presentation_lookahead_greedy,3,5,build_track_segments,0,3,8,0,5,8
presentation_lookahead_greedy,3,6,upgrade_engine,0,4,11,0,5,8
presentation_lookahead_greedy,3,7,build_track_segments,0,0,11,0,6,8
presentation_lookahead_greedy,3,8,build_track_segments,0,4,13,0,7,8
presentation_lookahead_greedy,3,9,build_track_segments,0,4,18,0,8,8
presentation_lookahead_greedy,3,10,deliver_good,2,4,18,1,8,8
presentation_lookahead_greedy,3,11,deliver_good,4,4,18,2,8,8
presentation_lookahead_greedy,3,12,deliver_good,6,2,20,3,8,8
presentation_lookahead_greedy,3,13,deliver_good,8,2,20,4,8,8
presentation_lookahead_greedy,3,14,upgrade_engine,8,2,22,4,8,8
presentation_lookahead_greedy,3,15,urbanize,8,1,27,4,8,9
presentation_lookahead_greedy,3,16,deliver_good,11,1,27,5,8,9
presentation_lookahead_greedy,3,17,deliver_good,14,1,27,6,8,9
presentation_lookahead_greedy,3,18,upgrade_engine,14,0,33,6,8,9
presentation_lookahead_greedy,3,19,deliver_good,18,0,33,7,8,9
presentation_lookahead_greedy,3,20,deliver_good,22,0,33,8,8,9
presentation_lookahead_greedy,3,21,deliver_good,26,3,35,9,8,9
presentation_lookahead_greedy,3,22,deliver_good,30,3,35,10,8,9
presentation_lookahead_greedy,3,23,deliver_good,33,3,35,11,8,9
presentation_lookahead_greedy,3,24,build_track_segments,33,3,37,11,9,9
presentation_lookahead_greedy,3,25,deliver_good,36,3,37,12,9,9
presentation_lookahead_greedy,3,26,build_track_segments,36,4,39,12,10,9
presentation_lookahead_greedy,3,27,deliver_good,39,4,39,13,10,9
presentation_lookahead_greedy,3,28,build_track_segments,39,3,40,13,11,9
presentation_lookahead_greedy,3,29,urbanize,39,3,42,13,11,10
presentation_lookahead_greedy,3,30,deliver_good,43,4,42,14,11,10
presentation_lookahead_greedy,3,31,deliver_good,45,4,42,15,11,10
presentation_lookahead_greedy,3,32,build_track_segments,45,4,43,15,12,10
presentation_lookahead_greedy,3,33,deliver_good,49,10,43,16,12,10
presentation_lookahead_greedy,3,34,build_track_segments,49,2,43,16,13,10
presentation_lookahead_greedy,3,35,build_track_segments,49,4,45,16,14,10
presentation_lookahead_greedy,3,36,build_track_segments,49,3,46,16,15,10
presentation_lookahead_greedy,3,37,upgrade_engine,49,3,50,16,15,10
presentation_lookahead_greedy,3,38,deliver_good,54,3,50,17,15,10
presentation_lookahead_greedy,3,39,upgrade_engine,54,2,55,17,15,10
presentation_lookahead_greedy,3,40,deliver_good,60,2,55,18,15,10
presentation_lookahead_greedy,3,41,deliver_good,66,2,55,19,15,10
presentation_lookahead_greedy,3,42,upgrade_engine,66,7,61,19,15,10
presentation_lookahead_greedy,3,43,deliver_good,73,7,61,20,15,10
presentation_lookahead_greedy,3,44,upgrade_engine,73,2,67,20,15,10
presentation_lookahead_greedy,3,45,deliver_good,81,16,67,21,15,10
objective_aware_greedy,3,1,build_track_segments,0,1,2,0,1,8
objective_aware_greedy,3,2,build_track_segments,0,1,3,0,2,8
objective_aware_greedy,3,3,build_track_segments,0,2,6,0,3,8
objective_aware_greedy,3,4,build_track_segments,0,3,8,0,4,8
objective_aware_greedy,3,5,build_track_segments,0,1,9,0,5,8
objective_aware_greedy,3,6,build_track_segments,0,0,13,0,6,8
objective_aware_greedy,3,7,build_track_segments,0,0,14,0,7,8
objective_aware_greedy,3,8,upgrade_engine,0,0,15,0,7,8
objective_aware_greedy,3,9,deliver_good,2,2,18,1,7,8
objective_aware_greedy,3,10,deliver_good,4,2,18,2,7,8
objective_aware_greedy,3,11,build_track_segments,4,3,19,2,8,8
objective_aware_greedy,3,12,deliver_good,6,0,21,3,8,8
objective_aware_greedy,3,13,deliver_good,8,0,21,4,8,8
objective_aware_greedy,3,14,upgrade_engine,8,0,23,4,8,8
objective_aware_greedy,3,15,deliver_good,11,3,26,5,8,8
objective_aware_greedy,3,16,deliver_good,14,3,26,6,8,8
objective_aware_greedy,3,17,deliver_good,17,3,26,7,8,8
objective_aware_greedy,3,18,deliver_good,20,2,27,8,8,8
objective_aware_greedy,3,19,build_track_segments,20,4,29,8,9,8
objective_aware_greedy,3,20,deliver_good,23,4,29,9,9,8
objective_aware_greedy,3,21,build_track_segments,23,3,32,9,10,8
objective_aware_greedy,3,22,deliver_good,26,3,32,10,10,8
objective_aware_greedy,3,23,build_track_segments,26,3,33,10,11,8
objective_aware_greedy,3,24,build_track_segments,26,0,35,10,12,8
objective_aware_greedy,3,25,upgrade_engine,26,0,38,10,12,8
objective_aware_greedy,3,26,deliver_good,30,0,38,11,12,8
objective_aware_greedy,3,27,build_track_segments,30,4,42,11,13,8
objective_aware_greedy,3,28,deliver_good,34,4,42,12,13,8
objective_aware_greedy,3,29,build_track_segments,34,3,43,12,14,8
objective_aware_greedy,3,30,build_track_segments,34,0,46,12,15,8
objective_aware_greedy,3,31,pass,34,0,46,12,15,8
objective_aware_greedy,3,32,pass,34,0,46,12,15,8
objective_aware_greedy,3,33,pass,34,3,49,12,15,8
objective_aware_greedy,3,34,pass,34,3,49,12,15,8
objective_aware_greedy,3,35,pass,34,3,49,12,15,8
objective_aware_greedy,3,36,pass,34,3,52,12,15,8
objective_aware_greedy,3,37,pass,34,3,52,12,15,8
objective_aware_greedy,3,38,pass,34,3,52,12,15,8
objective_aware_greedy,3,39,pass,34,0,55,12,15,8
objective_aware_greedy,3,40,pass,34,0,55,12,15,8
objective_aware_greedy,3,41,pass,34,0,55,12,15,8
objective_aware_greedy,3,42,pass,34,4,60,12,15,8
objective_aware_greedy,3,43,pass,34,4,60,12,15,8
objective_aware_greedy,3,44,pass,34,4,60,12,15,8
objective_aware_greedy,3,45,pass,34,3,65,12,15,8
objective_aware_greedy,3,46,pass,34,3,65,12,15,8
objective_aware_greedy,3,47,pass,34,3,65,12,15,8
objective_aware_greedy,3,48,pass,34,2,71,12,15,8
objective_aware_greedy,3,49,pass,34,2,71,12,15,8
objective_aware_greedy,3,50,pass,34,2,71,12,15,8
objective_aware_greedy,3,51,pass,34,0,78,12,15,8
objective_aware_greedy,3,52,pass,34,0,78,12,15,8
objective_aware_greedy,3,53,pass,34,0,78,12,15,8
objective_aware_greedy,3,54,pass,34,1,87,12,15,8
objective_aware_greedy,3,55,pass,34,1,87,12,15,8
objective_aware_greedy,3,56,pass,34,1,87,12,15,8
objective_aware_greedy,3,57,pass,34,3,98,12,15,8
objective_aware_greedy,3,58,pass,34,3,98,12,15,8
objective_aware_greedy,3,59,pass,34,3,98,12,15,8
objective_aware_greedy,3,60,pass,34,4,111,12,15,8
urbanization_aware_lookahead_greedy,4,1,build_track_segments,0,0,1,0,1,8
urbanization_aware_lookahead_greedy,4,2,build_track_segments,0,0,2,0,2,8
urbanization_aware_lookahead_greedy,4,3,build_track_segments,0,2,5,0,3,8
urbanization_aware_lookahead_greedy,4,4,build_track_segments,0,3,7,0,4,8
urbanization_aware_lookahead_greedy,4,5,build_track_segments,0,3,8,0,5,8
urbanization_aware_lookahead_greedy,4,6,upgrade_engine,0,4,11,0,5,8
urbanization_aware_lookahead_greedy,4,7,build_track_segments,0,0,11,0,6,8
urbanization_aware_lookahead_greedy,4,8,build_track_segments,0,4,13,0,7,8
urbanization_aware_lookahead_greedy,4,9,build_track_segments,0,4,18,0,8,8
urbanization_aware_lookahead_greedy,4,10,urbanize,0,4,20,0,8,9
urbanization_aware_lookahead_greedy,4,11,deliver_good,2,4,20,1,8,9
urbanization_aware_lookahead_greedy,4,12,build_track_segments,2,0,24,1,9,9
urbanization_aware_lookahead_greedy,4,13,urbanize,2,0,26,1,9,10
urbanization_aware_lookahead_greedy,4,14,deliver_good,4,0,26,2,9,10
urbanization_aware_lookahead_greedy,4,15,deliver_good,6,0,30,3,9,10
urbanization_aware_lookahead_greedy,4,16,deliver_good,8,0,30,4,9,10
urbanization_aware_lookahead_greedy,4,17,deliver_good,10,0,30,5,9,10
urbanization_aware_lookahead_greedy,4,18,deliver_good,12,2,34,6,9,10
urbanization_aware_lookahead_greedy,4,19,upgrade_engine,12,2,36,6,9,10
urbanization_aware_lookahead_greedy,4,20,upgrade_engine,12,2,39,6,9,10
urbanization_aware_lookahead_greedy,4,21,deliver_good,16,4,44,7,9,10
urbanization_aware_lookahead_greedy,4,22,deliver_good,20,4,44,8,9,10
urbanization_aware_lookahead_greedy,4,23,deliver_good,24,4,44,9,9,10
urbanization_aware_lookahead_greedy,4,24,deliver_good,28,3,47,10,9,10
urbanization_aware_lookahead_greedy,4,25,deliver_good,31,3,47,11,9,10
urbanization_aware_lookahead_greedy,4,26,deliver_good,34,3,47,12,9,10
urbanization_aware_lookahead_greedy,4,27,build_track_segments,34,3,51,12,10,10
urbanization_aware_lookahead_greedy,4,28,deliver_good,38,3,51,13,10,10
urbanization_aware_lookahead_greedy,4,29,build_track_segments,38,1,52,13,11,10
urbanization_aware_lookahead_greedy,4,30,deliver_good,41,0,54,14,11,10
urbanization_aware_lookahead_greedy,4,31,build_track_segments,41,1,56,14,12,10
urbanization_aware_lookahead_greedy,4,32,deliver_good,44,1,56,15,12,10
urbanization_aware_lookahead_greedy,4,33,build_track_segments,44,4,61,15,13,10
urbanization_aware_lookahead_greedy,4,34,build_track_segments,44,1,62,15,14,10
urbanization_aware_lookahead_greedy,4,35,build_track_segments,44,2,64,15,15,10
urbanization_aware_lookahead_greedy,4,36,upgrade_engine,44,3,73,15,15,10
urbanization_aware_lookahead_greedy,4,37,upgrade_engine,44,3,78,15,15,10
urbanization_aware_lookahead_greedy,4,38,deliver_good,50,3,78,16,15,10
urbanization_aware_lookahead_greedy,4,39,deliver_good,56,1,82,17,15,10
urbanization_aware_lookahead_greedy,4,40,deliver_good,62,1,82,18,15,10
urbanization_aware_lookahead_greedy,4,41,deliver_good,68,1,82,19,15,10
urbanization_aware_lookahead_greedy,4,42,upgrade_engine,68,1,92,19,15,10
urbanization_aware_lookahead_greedy,4,43,deliver_good,75,1,92,20,15,10
urbanization_aware_lookahead_greedy,4,44,upgrade_engine,75,1,99,20,15,10
urbanization_aware_lookahead_greedy,4,45,deliver_good,83,0,102,21,15,10
presentation_lookahead_greedy,4,1,build_track_segments,0,0,1,0,1,8
presentation_lookahead_greedy,4,2,build_track_segments,0,0,2,0,2,8
presentation_lookahead_greedy,4,3,build_track_segments,0,2,5,0,3,8
presentation_lookahead_greedy,4,4,build_track_segments,0,3,7,0,4,8
presentation_lookahead_greedy,4,5,build_track_segments,0,3,8,0,5,8
presentation_lookahead_greedy,4,6,upgrade_engine,0,4,11,0,5,8
presentation_lookahead_greedy,4,7,build_track_segments,0,0,11,0,6,8
presentation_lookahead_greedy,4,8,build_track_segments,0,4,13,0,7,8
presentation_lookahead_greedy,4,9,build_track_segments,0,4,18,0,8,8
presentation_lookahead_greedy,4,10,deliver_good,2,4,18,1,8,8
presentation_lookahead_greedy,4,11,deliver_good,4,4,18,2,8,8
presentation_lookahead_greedy,4,12,deliver_good,6,2,20,3,8,8
presentation_lookahead_greedy,4,13,deliver_good,8,2,20,4,8,8
presentation_lookahead_greedy,4,14,upgrade_engine,8,2,22,4,8,8
presentation_lookahead_greedy,4,15,urbanize,8,1,27,4,8,9
presentation_lookahead_greedy,4,16,deliver_good,11,1,27,5,8,9
presentation_lookahead_greedy,4,17,upgrade_engine,11,1,30,5,8,9
presentation_lookahead_greedy,4,18,deliver_good,15,1,33,6,8,9
presentation_lookahead_greedy,4,19,deliver_good,19,1,33,7,8,9
presentation_lookahead_greedy,4,20,deliver_good,23,1,33,8,8,9
presentation_lookahead_greedy,4,21,deliver_good,27,0,34,9,8,9
presentation_lookahead_greedy,4,22,deliver_good,30,0,34,10,8,9
presentation_lookahead_greedy,4,23,build_track_segments,30,4,36,10,9,9
presentation_lookahead_greedy,4,24,urbanize,30,1,39,10,9,10
presentation_lookahead_greedy,4,25,build_track_segments,30,1,40,10,10,10
presentation_lookahead_greedy,4,26,deliver_good,34,1,40,11,10,10
presentation_lookahead_greedy,4,27,deliver_good,38,4,41,12,10,10
presentation_lookahead_greedy,4,28,deliver_good,42,4,41,13,10,10
presentation_lookahead_greedy,4,29,deliver_good,46,4,41,14,10,10
presentation_lookahead_greedy,4,30,deliver_good,50,13,41,15,10,10
presentation_lookahead_greedy,4,31,deliver_good,52,13,41,16,10,10
presentation_lookahead_greedy,4,32,build_track_segments,52,4,41,16,11,10
presentation_lookahead_greedy,4,33,deliver_good,55,18,41,17,11,10
presentation_lookahead_greedy,4,34,build_track_segments,55,11,41,17,12,10
presentation_lookahead_greedy,4,35,build_track_segments,55,3,41,17,13,10
presentation_lookahead_greedy,4,36,build_track_segments,55,13,42,17,14,10
presentation_lookahead_greedy,4,37,build_track_segments,55,4,42,17,15,10
presentation_lookahead_greedy,4,38,upgrade_engine,55,4,46,17,15,10
presentation_lookahead_greedy,4,39,deliver_good,60,18,46,18,15,10
presentation_lookahead_greedy,4,40,upgrade_engine,60,3,48,18,15,10
presentation_lookahead_greedy,4,41,deliver_good,66,3,48,19,15,10
presentation_lookahead_greedy,4,42,upgrade_engine,66,15,54,19,15,10
objective_aware_greedy,4,1,build_track_segments,0,1,2,0,1,8
objective_aware_greedy,4,2,build_track_segments,0,1,3,0,2,8
objective_aware_greedy,4,3,build_track_segments,0,2,6,0,3,8
objective_aware_greedy,4,4,build_track_segments,0,3,8,0,4,8
objective_aware_greedy,4,5,build_track_segments,0,1,9,0,5,8
objective_aware_greedy,4,6,build_track_segments,0,0,13,0,6,8
objective_aware_greedy,4,7,build_track_segments,0,0,14,0,7,8
objective_aware_greedy,4,8,upgrade_engine,0,0,15,0,7,8
objective_aware_greedy,4,9,deliver_good,2,2,18,1,7,8
objective_aware_greedy,4,10,deliver_good,4,2,18,2,7,8
objective_aware_greedy,4,11,build_track_segments,4,3,19,2,8,8
objective_aware_greedy,4,12,deliver_good,6,0,21,3,8,8
objective_aware_greedy,4,13,deliver_good,8,0,21,4,8,8
objective_aware_greedy,4,14,upgrade_engine,8,0,23,4,8,8
objective_aware_greedy,4,15,deliver_good,11,3,26,5,8,8
objective_aware_greedy,4,16,deliver_good,14,3,26,6,8,8
objective_aware_greedy,4,17,deliver_good,17,3,26,7,8,8
objective_aware_greedy,4,18,deliver_good,20,2,27,8,8,8
objective_aware_greedy,4,19,build_track_segments,20,4,29,8,9,8
objective_aware_greedy,4,20,deliver_good,23,4,29,9,9,8
objective_aware_greedy,4,21,build_track_segments,23,3,32,9,10,8
objective_aware_greedy,4,22,deliver_good,26,3,32,10,10,8
objective_aware_greedy,4,23,build_track_segments,26,3,33,10,11,8
objective_aware_greedy,4,24,build_track_segments,26,0,35,10,12,8
objective_aware_greedy,4,25,upgrade_engine,26,0,38,10,12,8
objective_aware_greedy,4,26,deliver_good,30,0,38,11,12,8
objective_aware_greedy,4,27,build_track_segments,30,4,42,11,13,8
objective_aware_greedy,4,28,deliver_good,34,4,42,12,13,8
objective_aware_greedy,4,29,build_track_segments,34,3,43,12,14,8
objective_aware_greedy,4,30,build_track_segments,34,0,46,12,15,8
objective_aware_greedy,4,31,pass,34,0,46,12,15,8
objective_aware_greedy,4,32,pass,34,0,46,12,15,8
objective_aware_greedy,4,33,pass,34,3,49,12,15,8
objective_aware_greedy,4,34,pass,34,3,49,12,15,8
objective_aware_greedy,4,35,pass,34,3,49,12,15,8
objective_aware_greedy,4,36,pass,34,3,52,12,15,8
objective_aware_greedy,4,37,pass,34,3,52,12,15,8
objective_aware_greedy,4,38,pass,34,3,52,12,15,8
objective_aware_greedy,4,39,pass,34,0,55,12,15,8
objective_aware_greedy,4,40,pass,34,0,55,12,15,8
objective_aware_greedy,4,41,pass,34,0,55,12,15,8
objective_aware_greedy,4,42,pass,34,4,60,12,15,8
objective_aware_greedy,4,43,pass,34,4,60,12,15,8
objective_aware_greedy,4,44,pass,34,4,60,12,15,8
objective_aware_greedy,4,45,pass,34,3,65,12,15,8
objective_aware_greedy,4,46,pass,34,3,65,12,15,8
objective_aware_greedy,4,47,pass,34,3,65,12,15,8
objective_aware_greedy,4,48,pass,34,2,71,12,15,8
objective_aware_greedy,4,49,pass,34,2,71,12,15,8
objective_aware_greedy,4,50,pass,34,2,71,12,15,8
objective_aware_greedy,4,51,pass,34,0,78,12,15,8
objective_aware_greedy,4,52,pass,34,0,78,12,15,8
objective_aware_greedy,4,53,pass,34,0,78,12,15,8
objective_aware_greedy,4,54,pass,34,1,87,12,15,8
objective_aware_greedy,4,55,pass,34,1,87,12,15,8
objective_aware_greedy,4,56,pass,34,1,87,12,15,8
objective_aware_greedy,4,57,pass,34,3,98,12,15,8
objective_aware_greedy,4,58,pass,34,3,98,12,15,8
objective_aware_greedy,4,59,pass,34,3,98,12,15,8
objective_aware_greedy,4,60,pass,34,4,111,12,15,8
urbanization_aware_lookahead_greedy,5,1,build_track_segments,0,0,1,0,1,8
urbanization_aware_lookahead_greedy,5,2,build_track_segments,0,0,2,0,2,8
urbanization_aware_lookahead_greedy,5,3,build_track_segments,0,2,5,0,3,8
urbanization_aware_lookahead_greedy,5,4,build_track_segments,0,3,7,0,4,8
urbanization_aware_lookahead_greedy,5,5,build_track_segments,0,3,8,0,5,8
urbanization_aware_lookahead_greedy,5,6,upgrade_engine,0,4,11,0,5,8
urbanization_aware_lookahead_greedy,5,7,build_track_segments,0,0,11,0,6,8
urbanization_aware_lookahead_greedy,5,8,build_track_segments,0,4,13,0,7,8
urbanization_aware_lookahead_greedy,5,9,build_track_segments,0,4,18,0,8,8
urbanization_aware_lookahead_greedy,5,10,urbanize,0,4,20,0,8,9
urbanization_aware_lookahead_greedy,5,11,upgrade_engine,0,4,22,0,8,9
urbanization_aware_lookahead_greedy,5,12,upgrade_engine,0,4,30,0,8,9
urbanization_aware_lookahead_greedy,5,13,deliver_good,4,4,30,1,8,9
urbanization_aware_lookahead_greedy,5,14,deliver_good,8,4,30,2,8,9
urbanization_aware_lookahead_greedy,5,15,deliver_good,12,1,33,3,8,9
urbanization_aware_lookahead_greedy,5,16,deliver_good,16,1,33,4,8,9
urbanization_aware_lookahead_greedy,5,17,deliver_good,19,1,33,5,8,9
urbanization_aware_lookahead_greedy,5,18,deliver_good,22,0,35,6,8,9
urbanization_aware_lookahead_greedy,5,19,urbanize,22,0,37,6,8,10
urbanization_aware_lookahead_greedy,5,20,build_track_segments,22,4,39,6,9,10
urbanization_aware_lookahead_greedy,5,21,deliver_good,26,1,41,7,9,10
urbanization_aware_lookahead_greedy,5,22,deliver_good,30,1,41,8,9,10
urbanization_aware_lookahead_greedy,5,23,deliver_good,34,1,41,9,9,10
urbanization_aware_lookahead_greedy,5,24,deliver_good,37,2,42,10,9,10
urbanization_aware_lookahead_greedy,5,25,build_track_segments,37,2,43,10,10,10
urbanization_aware_lookahead_greedy,5,26,deliver_good,41,2,43,11,10,10
urbanization_aware_lookahead_greedy,5,27,deliver_good,43,2,43,12,10,10
urbanization_aware_lookahead_greedy,5,28,deliver_good,45,2,43,13,10,10
urbanization_aware_lookahead_greedy,5,29,deliver_good,47,2,43,14,10,10
urbanization_aware_lookahead_greedy,5,30,deliver_good,49,8,43,15,10,10
urbanization_aware_lookahead_greedy,5,31,build_track_segments,49,4,44,15,11,10
urbanization_aware_lookahead_greedy,5,32,deliver_good,52,4,44,16,11,10
urbanization_aware_lookahead_greedy,5,33,build_track_segments,52,9,45,16,12,10
urbanization_aware_lookahead_greedy,5,34,build_track_segments,52,1,45,16,13,10
urbanization_aware_lookahead_greedy,5,35,build_track_segments,52,3,47,16,14,10
urbanization_aware_lookahead_greedy,5,36,build_track_segments,52,7,49,16,15,10
urbanization_aware_lookahead_greedy,5,37,upgrade_engine,52,2,52,16,15,10
urbanization_aware_lookahead_greedy,5,38,deliver_good,57,2,52,17,15,10
urbanization_aware_lookahead_greedy,5,39,upgrade_engine,57,2,57,17,15,10
urbanization_aware_lookahead_greedy,5,40,deliver_good,63,2,57,18,15,10
urbanization_aware_lookahead_greedy,5,41,deliver_good,69,2,57,19,15,10
urbanization_aware_lookahead_greedy,5,42,upgrade_engine,69,8,63,19,15,10
urbanization_aware_lookahead_greedy,5,43,deliver_good,76,8,63,20,15,10
urbanization_aware_lookahead_greedy,5,44,deliver_good,83,8,63,21,15,10
urbanization_aware_lookahead_greedy,5,45,upgrade_engine,83,17,69,21,15,10
presentation_lookahead_greedy,5,1,build_track_segments,0,0,1,0,1,8
presentation_lookahead_greedy,5,2,build_track_segments,0,0,2,0,2,8
presentation_lookahead_greedy,5,3,build_track_segments,0,2,5,0,3,8
presentation_lookahead_greedy,5,4,build_track_segments,0,3,7,0,4,8
presentation_lookahead_greedy,5,5,build_track_segments,0,3,8,0,5,8
presentation_lookahead_greedy,5,6,upgrade_engine,0,4,11,0,5,8
presentation_lookahead_greedy,5,7,build_track_segments,0,0,11,0,6,8
presentation_lookahead_greedy,5,8,build_track_segments,0,4,13,0,7,8
presentation_lookahead_greedy,5,9,build_track_segments,0,4,18,0,8,8
presentation_lookahead_greedy,5,10,deliver_good,2,4,18,1,8,8
presentation_lookahead_greedy,5,11,deliver_good,4,4,18,2,8,8
presentation_lookahead_greedy,5,12,deliver_good,6,2,20,3,8,8
presentation_lookahead_greedy,5,13,deliver_good,8,2,20,4,8,8
presentation_lookahead_greedy,5,14,upgrade_engine,8,2,22,4,8,8
presentation_lookahead_greedy,5,15,urbanize,8,1,27,4,8,9
presentation_lookahead_greedy,5,16,deliver_good,11,1,27,5,8,9
presentation_lookahead_greedy,5,17,deliver_good,14,1,27,6,8,9
presentation_lookahead_greedy,5,18,upgrade_engine,14,0,33,6,8,9
presentation_lookahead_greedy,5,19,deliver_good,18,0,33,7,8,9
presentation_lookahead_greedy,5,20,deliver_good,22,0,33,8,8,9
presentation_lookahead_greedy,5,21,deliver_good,26,3,35,9,8,9
presentation_lookahead_greedy,5,22,deliver_good,30,3,35,10,8,9
presentation_lookahead_greedy,5,23,deliver_good,33,3,35,11,8,9
presentation_lookahead_greedy,5,24,build_track_segments,33,4,37,11,9,9
presentation_lookahead_greedy,5,25,urbanize,33,4,39,11,9,10
presentation_lookahead_greedy,5,26,deliver_good,37,4,39,12,9,10
presentation_lookahead_greedy,5,27,deliver_good,41,6,39,13,9,10
presentation_lookahead_greedy,5,28,deliver_good,45,6,39,14,9,10
presentation_lookahead_greedy,5,29,build_track_segments,45,1,39,14,10,10
presentation_lookahead_greedy,5,30,deliver_good,47,9,39,15,10,10
presentation_lookahead_greedy,5,31,build_track_segments,47,0,39,15,11,10
presentation_lookahead_greedy,5,32,deliver_good,50,0,39,16,11,10
presentation_lookahead_greedy,5,33,build_track_segments,50,12,41,16,12,10
presentation_lookahead_greedy,5,34,build_track_segments,50,4,41,16,13,10
presentation_lookahead_greedy,5,35,build_track_segments,50,1,42,16,14,10
presentation_lookahead_greedy,5,36,build_track_segments,50,8,44,16,15,10
presentation_lookahead_greedy,5,37,upgrade_engine,50,3,47,16,15,10
presentation_lookahead_greedy,5,38,deliver_good,55,3,47,17,15,10
presentation_lookahead_greedy,5,39,upgrade_engine,55,6,52,17,15,10
presentation_lookahead_greedy,5,40,deliver_good,61,6,52,18,15,10
presentation_lookahead_greedy,5,41,upgrade_engine,61,1,57,18,15,10
presentation_lookahead_greedy,5,42,deliver_good,68,12,57,19,15,10
presentation_lookahead_greedy,5,43,deliver_good,75,12,57,20,15,10
presentation_lookahead_greedy,5,44,deliver_good,82,12,57,21,15,10
presentation_lookahead_greedy,5,45,upgrade_engine,82,22,62,21,15,10
objective_aware_greedy,5,1,build_track_segments,0,1,2,0,1,8
objective_aware_greedy,5,2,build_track_segments,0,1,3,0,2,8
objective_aware_greedy,5,3,build_track_segments,0,2,6,0,3,8
objective_aware_greedy,5,4,build_track_segments,0,3,8,0,4,8
objective_aware_greedy,5,5,build_track_segments,0,1,9,0,5,8
objective_aware_greedy,5,6,build_track_segments,0,0,13,0,6,8
objective_aware_greedy,5,7,build_track_segments,0,0,14,0,7,8
objective_aware_greedy,5,8,upgrade_engine,0,0,15,0,7,8
objective_aware_greedy,5,9,deliver_good,2,2,18,1,7,8
objective_aware_greedy,5,10,deliver_good,4,2,18,2,7,8
objective_aware_greedy,5,11,build_track_segments,4,3,19,2,8,8
objective_aware_greedy,5,12,deliver_good,6,0,21,3,8,8
objective_aware_greedy,5,13,deliver_good,8,0,21,4,8,8
objective_aware_greedy,5,14,upgrade_engine,8,0,23,4,8,8
objective_aware_greedy,5,15,deliver_good,11,3,26,5,8,8
objective_aware_greedy,5,16,deliver_good,14,3,26,6,8,8
objective_aware_greedy,5,17,deliver_good,17,3,26,7,8,8
objective_aware_greedy,5,18,deliver_good,20,2,27,8,8,8
objective_aware_greedy,5,19,build_track_segments,20,4,29,8,9,8
objective_aware_greedy,5,20,deliver_good,23,4,29,9,9,8
objective_aware_greedy,5,21,build_track_segments,23,3,32,9,10,8
objective_aware_greedy,5,22,deliver_good,26,3,32,10,10,8
objective_aware_greedy,5,23,build_track_segments,26,3,33,10,11,8
objective_aware_greedy,5,24,build_track_segments,26,0,35,10,12,8
objective_aware_greedy,5,25,upgrade_engine,26,0,38,10,12,8
objective_aware_greedy,5,26,deliver_good,30,0,38,11,12,8
objective_aware_greedy,5,27,build_track_segments,30,4,42,11,13,8
objective_aware_greedy,5,28,deliver_good,34,4,42,12,13,8
objective_aware_greedy,5,29,build_track_segments,34,3,43,12,14,8
objective_aware_greedy,5,30,build_track_segments,34,0,46,12,15,8
objective_aware_greedy,5,31,pass,34,0,46,12,15,8
objective_aware_greedy,5,32,pass,34,0,46,12,15,8
objective_aware_greedy,5,33,pass,34,3,49,12,15,8
objective_aware_greedy,5,34,pass,34,3,49,12,15,8
objective_aware_greedy,5,35,pass,34,3,49,12,15,8
objective_aware_greedy,5,36,pass,34,3,52,12,15,8
objective_aware_greedy,5,37,pass,34,3,52,12,15,8
objective_aware_greedy,5,38,pass,34,3,52,12,15,8
objective_aware_greedy,5,39,pass,34,0,55,12,15,8
objective_aware_greedy,5,40,pass,34,0,55,12,15,8
objective_aware_greedy,5,41,pass,34,0,55,12,15,8
objective_aware_greedy,5,42,pass,34,4,60,12,15,8
objective_aware_greedy,5,43,pass,34,4,60,12,15,8
objective_aware_greedy,5,44,pass,34,4,60,12,15,8
objective_aware_greedy,5,45,pass,34,3,65,12,15,8
objective_aware_greedy,5,46,pass,34,3,65,12,15,8
objective_aware_greedy,5,47,pass,34,3,65,12,15,8
objective_aware_greedy,5,48,pass,34,2,71,12,15,8
objective_aware_greedy,5,49,pass,34,2,71,12,15,8
objective_aware_greedy,5,50,pass,34,2,71,12,15,8
objective_aware_greedy,5,51,pass,34,0,78,12,15,8
objective_aware_greedy,5,52,pass,34,0,78,12,15,8
objective_aware_greedy,5,53,pass,34,0,78,12,15,8
objective_aware_greedy,5,54,pass,34,1,87,12,15,8
objective_aware_greedy,5,55,pass,34,1,87,12,15,8
objective_aware_greedy,5,56,pass,34,1,87,12,15,8
objective_aware_greedy,5,57,pass,34,3,98,12,15,8
objective_aware_greedy,5,58,pass,34,3,98,12,15,8
objective_aware_greedy,5,59,pass,34,3,98,12,15,8
objective_aware_greedy,5,60,pass,34,4,111,12,15,8
urbanization_aware_lookahead_greedy,6,1,build_track_segments,0,0,1,0,1,8
urbanization_aware_lookahead_greedy,6,2,build_track_segments,0,0,2,0,2,8
urbanization_aware_lookahead_greedy,6,3,build_track_segments,0,2,5,0,3,8
urbanization_aware_lookahead_greedy,6,4,build_track_segments,0,3,7,0,4,8
urbanization_aware_lookahead_greedy,6,5,build_track_segments,0,3,8,0,5,8
urbanization_aware_lookahead_greedy,6,6,upgrade_engine,0,4,11,0,5,8
urbanization_aware_lookahead_greedy,6,7,build_track_segments,0,0,11,0,6,8
urbanization_aware_lookahead_greedy,6,8,build_track_segments,0,4,13,0,7,8
urbanization_aware_lookahead_greedy,6,9,build_track_segments,0,4,18,0,8,8
urbanization_aware_lookahead_greedy,6,10,urbanize,0,4,20,0,8,9
urbanization_aware_lookahead_greedy,6,11,upgrade_engine,0,4,22,0,8,9
urbanization_aware_lookahead_greedy,6,12,upgrade_engine,0,4,30,0,8,9
urbanization_aware_lookahead_greedy,6,13,deliver_good,4,4,30,1,8,9
urbanization_aware_lookahead_greedy,6,14,deliver_good,8,4,30,2,8,9
urbanization_aware_lookahead_greedy,6,15,deliver_good,12,1,33,3,8,9
urbanization_aware_lookahead_greedy,6,16,deliver_good,16,1,33,4,8,9
urbanization_aware_lookahead_greedy,6,17,deliver_good,19,1,33,5,8,9
urbanization_aware_lookahead_greedy,6,18,deliver_good,22,0,35,6,8,9
urbanization_aware_lookahead_greedy,6,19,deliver_good,25,0,35,7,8,9
urbanization_aware_lookahead_greedy,6,20,deliver_good,27,0,35,8,8,9
urbanization_aware_lookahead_greedy,6,21,urbanize,27,0,39,8,8,10
urbanization_aware_lookahead_greedy,6,22,build_track_segments,27,4,41,8,9,10
urbanization_aware_lookahead_greedy,6,23,deliver_good,31,4,41,9,9,10
urbanization_aware_lookahead_greedy,6,24,deliver_good,35,3,42,10,9,10
urbanization_aware_lookahead_greedy,6,25,deliver_good,39,3,42,11,9,10
urbanization_aware_lookahead_greedy,6,26,deliver_good,41,3,42,12,9,10
urbanization_aware_lookahead_greedy,6,27,deliver_good,43,4,42,13,9,10
urbanization_aware_lookahead_greedy,6,28,build_track_segments,43,4,43,13,10,10
urbanization_aware_lookahead_greedy,6,29,deliver_good,47,4,43,14,10,10
urbanization_aware_lookahead_greedy,6,30,build_track_segments,47,3,44,14,11,10
urbanization_aware_lookahead_greedy,6,31,deliver_good,50,3,44,15,11,10
urbanization_aware_lookahead_greedy,6,32,build_track_segments,50,1,45,15,12,10
urbanization_aware_lookahead_greedy,6,33,build_track_segments,50,6,47,15,13,10
urbanization_aware_lookahead_greedy,6,34,build_track_segments,50,3,48,15,14,10
urbanization_aware_lookahead_greedy,6,35,build_track_segments,50,4,50,15,15,10
urbanization_aware_lookahead_greedy,6,36,upgrade_engine,50,0,54,15,15,10
urbanization_aware_lookahead_greedy,6,37,deliver_good,55,0,54,16,15,10
urbanization_aware_lookahead_greedy,6,38,upgrade_engine,55,0,59,16,15,10
urbanization_aware_lookahead_greedy,6,39,deliver_good,61,2,59,17,15,10
urbanization_aware_lookahead_greedy,6,40,deliver_good,67,2,59,18,15,10
urbanization_aware_lookahead_greedy,6,41,deliver_good,73,2,59,19,15,10
urbanization_aware_lookahead_greedy,6,42,upgrade_engine,73,10,65,19,15,10
urbanization_aware_lookahead_greedy,6,43,deliver_good,80,10,65,20,15,10
urbanization_aware_lookahead_greedy,6,44,deliver_good,87,10,65,21,15,10
urbanization_aware_lookahead_greedy,6,45,upgrade_engine,87,17,70,21,15,10
presentation_lookahead_greedy,6,1,build_track_segments,0,0,1,0,1,8
presentation_lookahead_greedy,6,2,build_track_segments,0,0,2,0,2,8
presentation_lookahead_greedy,6,3,build_track_segments,0,2,5,0,3,8
presentation_lookahead_greedy,6,4,build_track_segments,0,3,7,0,4,8
presentation_lookahead_greedy,6,5,build_track_segments,0,3,8,0,5,8
presentation_lookahead_greedy,6,6,upgrade_engine,0,4,11,0,5,8
presentation_lookahead_greedy,6,7,build_track_segments,0,0,11,0,6,8
presentation_lookahead_greedy,6,8,build_track_segments,0,4,13,0,7,8
presentation_lookahead_greedy,6,9,build_track_segments,0,4,18,0,8,8
presentation_lookahead_greedy,6,10,deliver_good,2,4,18,1,8,8
presentation_lookahead_greedy,6,11,deliver_good,4,4,18,2,8,8
presentation_lookahead_greedy,6,12,deliver_good,6,2,20,3,8,8
presentation_lookahead_greedy,6,13,deliver_good,8,2,20,4,8,8
presentation_lookahead_greedy,6,14,upgrade_engine,8,2,22,4,8,8
presentation_lookahead_greedy,6,15,urbanize,8,1,27,4,8,9
presentation_lookahead_greedy,6,16,deliver_good,11,1,27,5,8,9
presentation_lookahead_greedy,6,17,deliver_good,14,1,27,6,8,9
presentation_lookahead_greedy,6,18,upgrade_engine,14,0,33,6,8,9
presentation_lookahead_greedy,6,19,deliver_good,18,0,33,7,8,9
presentation_lookahead_greedy,6,20,deliver_good,22,0,33,8,8,9
presentation_lookahead_greedy,6,21,deliver_good,26,3,35,9,8,9
presentation_lookahead_greedy,6,22,deliver_good,30,3,35,10,8,9
presentation_lookahead_greedy,6,23,deliver_good,33,3,35,11,8,9
presentation_lookahead_greedy,6,24,build_track_segments,33,4,37,11,9,9
presentation_lookahead_greedy,6,25,urbanize,33,4,39,11,9,10
presentation_lookahead_greedy,6,26,deliver_good,37,4,39,12,9,10
presentation_lookahead_greedy,6,27,deliver_good,41,6,39,13,9,10
presentation_lookahead_greedy,6,28,deliver_good,45,6,39,14,9,10
presentation_lookahead_greedy,6,29,build_track_segments,45,2,40,14,10,10
presentation_lookahead_greedy,6,30,deliver_good,48,10,40,15,10,10
presentation_lookahead_greedy,6,31,build_track_segments,48,5,40,15,11,10
presentation_lookahead_greedy,6,32,build_track_segments,48,3,41,15,12,10
presentation_lookahead_greedy,6,33,build_track_segments,48,6,42,15,13,10
presentation_lookahead_greedy,6,34,build_track_segments,48,3,43,15,14,10
presentation_lookahead_greedy,6,35,build_track_segments,48,4,45,15,15,10
presentation_lookahead_greedy,6,36,upgrade_engine,48,3,49,15,15,10
presentation_lookahead_greedy,6,37,deliver_good,53,3,49,16,15,10
presentation_lookahead_greedy,6,38,upgrade_engine,53,3,54,16,15,10
presentation_lookahead_greedy,6,39,deliver_good,59,8,54,17,15,10
presentation_lookahead_greedy,6,40,deliver_good,65,8,54,18,15,10
presentation_lookahead_greedy,6,41,upgrade_engine,65,3,59,18,15,10
presentation_lookahead_greedy,6,42,deliver_good,72,16,59,19,15,10
presentation_lookahead_greedy,6,43,deliver_good,79,16,59,20,15,10
presentation_lookahead_greedy,6,44,deliver_good,86,16,59,21,15,10
presentation_lookahead_greedy,6,45,upgrade_engine,86,24,63,21,15,10
objective_aware_greedy,6,1,build_track_segments,0,1,2,0,1,8
objective_aware_greedy,6,2,build_track_segments,0,1,3,0,2,8
objective_aware_greedy,6,3,build_track_segments,0,2,6,0,3,8
objective_aware_greedy,6,4,build_track_segments,0,3,8,0,4,8
objective_aware_greedy,6,5,build_track_segments,0,1,9,0,5,8
objective_aware_greedy,6,6,build_track_segments,0,0,13,0,6,8
objective_aware_greedy,6,7,build_track_segments,0,0,14,0,7,8
objective_aware_greedy,6,8,upgrade_engine,0,0,15,0,7,8
objective_aware_greedy,6,9,deliver_good,2,2,18,1,7,8
objective_aware_greedy,6,10,deliver_good,4,2,18,2,7,8
objective_aware_greedy,6,11,build_track_segments,4,3,19,2,8,8
objective_aware_greedy,6,12,deliver_good,6,0,21,3,8,8
objective_aware_greedy,6,13,deliver_good,8,0,21,4,8,8
objective_aware_greedy,6,14,upgrade_engine,8,0,23,4,8,8
objective_aware_greedy,6,15,deliver_good,11,3,26,5,8,8
objective_aware_greedy,6,16,deliver_good,14,3,26,6,8,8
objective_aware_greedy,6,17,deliver_good,17,3,26,7,8,8
objective_aware_greedy,6,18,deliver_good,20,2,27,8,8,8
objective_aware_greedy,6,19,build_track_segments,20,4,29,8,9,8
objective_aware_greedy,6,20,deliver_good,23,4,29,9,9,8
objective_aware_greedy,6,21,build_track_segments,23,3,32,9,10,8
objective_aware_greedy,6,22,deliver_good,26,3,32,10,10,8
objective_aware_greedy,6,23,build_track_segments,26,3,33,10,11,8
objective_aware_greedy,6,24,build_track_segments,26,0,35,10,12,8
objective_aware_greedy,6,25,upgrade_engine,26,0,38,10,12,8
objective_aware_greedy,6,26,deliver_good,30,0,38,11,12,8
objective_aware_greedy,6,27,build_track_segments,30,4,42,11,13,8
objective_aware_greedy,6,28,deliver_good,34,4,42,12,13,8
objective_aware_greedy,6,29,build_track_segments,34,3,43,12,14,8
objective_aware_greedy,6,30,build_track_segments,34,0,46,12,15,8
objective_aware_greedy,6,31,pass,34,0,46,12,15,8
objective_aware_greedy,6,32,pass,34,0,46,12,15,8
objective_aware_greedy,6,33,pass,34,3,49,12,15,8
objective_aware_greedy,6,34,pass,34,3,49,12,15,8
objective_aware_greedy,6,35,pass,34,3,49,12,15,8
objective_aware_greedy,6,36,pass,34,3,52,12,15,8
objective_aware_greedy,6,37,pass,34,3,52,12,15,8
objective_aware_greedy,6,38,pass,34,3,52,12,15,8
objective_aware_greedy,6,39,pass,34,0,55,12,15,8
objective_aware_greedy,6,40,pass,34,0,55,12,15,8
objective_aware_greedy,6,41,pass,34,0,55,12,15,8
objective_aware_greedy,6,42,pass,34,4,60,12,15,8
objective_aware_greedy,6,43,pass,34,4,60,12,15,8
objective_aware_greedy,6,44,pass,34,4,60,12,15,8
objective_aware_greedy,6,45,pass,34,3,65,12,15,8
objective_aware_greedy,6,46,pass,34,3,65,12,15,8
objective_aware_greedy,6,47,pass,34,3,65,12,15,8
objective_aware_greedy,6,48,pass,34,2,71,12,15,8
objective_aware_greedy,6,49,pass,34,2,71,12,15,8
objective_aware_greedy,6,50,pass,34,2,71,12,15,8
objective_aware_greedy,6,51,pass,34,0,78,12,15,8
objective_aware_greedy,6,52,pass,34,0,78,12,15,8
objective_aware_greedy,6,53,pass,34,0,78,12,15,8
objective_aware_greedy,6,54,pass,34,1,87,12,15,8
objective_aware_greedy,6,55,pass,34,1,87,12,15,8
objective_aware_greedy,6,56,pass,34,1,87,12,15,8
objective_aware_greedy,6,57,pass,34,3,98,12,15,8
objective_aware_greedy,6,58,pass,34,3,98,12,15,8
objective_aware_greedy,6,59,pass,34,3,98,12,15,8
objective_aware_greedy,6,60,pass,34,4,111,12,15,8
urbanization_aware_lookahead_greedy,7,1,build_track_segments,0,0,1,0,1,8
urbanization_aware_lookahead_greedy,7,2,build_track_segments,0,0,2,0,2,8
urbanization_aware_lookahead_greedy,7,3,build_track_segments,0,2,5,0,3,8
urbanization_aware_lookahead_greedy,7,4,build_track_segments,0,3,7,0,4,8
urbanization_aware_lookahead_greedy,7,5,build_track_segments,0,3,8,0,5,8
urbanization_aware_lookahead_greedy,7,6,upgrade_engine,0,4,11,0,5,8
urbanization_aware_lookahead_greedy,7,7,build_track_segments,0,0,11,0,6,8
urbanization_aware_lookahead_greedy,7,8,build_track_segments,0,4,13,0,7,8
urbanization_aware_lookahead_greedy,7,9,build_track_segments,0,4,18,0,8,8
urbanization_aware_lookahead_greedy,7,10,urbanize,0,4,20,0,8,9
urbanization_aware_lookahead_greedy,7,11,deliver_good,2,4,20,1,8,9
urbanization_aware_lookahead_greedy,7,12,deliver_good,4,3,23,2,8,9
urbanization_aware_lookahead_greedy,7,13,build_track_segments,4,3,24,2,9,9
urbanization_aware_lookahead_greedy,7,14,urbanize,4,3,26,2,9,10
urbanization_aware_lookahead_greedy,7,15,deliver_good,6,3,30,3,9,10
urbanization_aware_lookahead_greedy,7,16,deliver_good,8,3,30,4,9,10
urbanization_aware_lookahead_greedy,7,17,deliver_good,10,3,30,5,9,10
urbanization_aware_lookahead_greedy,7,18,upgrade_engine,10,1,36,5,9,10
urbanization_aware_lookahead_greedy,7,19,upgrade_engine,10,1,39,5,9,10
urbanization_aware_lookahead_greedy,7,20,build_track_segments,10,0,40,5,10,10
urbanization_aware_lookahead_greedy,7,21,deliver_good,14,4,46,6,10,10
urbanization_aware_lookahead_greedy,7,22,deliver_good,18,4,46,7,10,10
urbanization_aware_lookahead_greedy,7,23,deliver_good,22,4,46,8,10,10
urbanization_aware_lookahead_greedy,7,24,deliver_good,26,4,50,9,10,10
urbanization_aware_lookahead_greedy,7,25,deliver_good,30,4,50,10,10,10
urbanization_aware_lookahead_greedy,7,26,deliver_good,34,4,50,11,10,10
urbanization_aware_lookahead_greedy,7,27,deliver_good,38,2,52,12,10,10
urbanization_aware_lookahead_greedy,7,28,deliver_good,42,2,52,13,10,10
urbanization_aware_lookahead_greedy,7,29,deliver_good,46,2,52,14,10,10
urbanization_aware_lookahead_greedy,7,30,deliver_good,49,4,53,15,10,10
urbanization_aware_lookahead_greedy,7,31,deliver_good,52,4,53,16,10,10
urbanization_aware_lookahead_greedy,7,32,build_track_segments,52,0,54,16,11,10
urbanization_aware_lookahead_greedy,7,33,deliver_good,55,1,54,17,11,10
urbanization_aware_lookahead_greedy,7,34,build_track_segments,55,4,56,17,12,10
urbanization_aware_lookahead_greedy,7,35,build_track_segments,55,1,57,17,13,10
urbanization_aware_lookahead_greedy,7,36,build_track_segments,55,4,60,17,14,10
urbanization_aware_lookahead_greedy,7,37,build_track_segments,55,0,61,17,15,10
urbanization_aware_lookahead_greedy,7,38,upgrade_engine,55,0,65,17,15,10
urbanization_aware_lookahead_greedy,7,39,deliver_good,60,0,66,18,15,10
urbanization_aware_lookahead_greedy,7,40,upgrade_engine,60,0,71,18,15,10
urbanization_aware_lookahead_greedy,7,41,deliver_good,66,0,71,19,15,10
urbanization_aware_lookahead_greedy,7,42,deliver_good,72,1,71,20,15,10
presentation_lookahead_greedy,7,1,build_track_segments,0,0,1,0,1,8
presentation_lookahead_greedy,7,2,build_track_segments,0,0,2,0,2,8
presentation_lookahead_greedy,7,3,build_track_segments,0,2,5,0,3,8
presentation_lookahead_greedy,7,4,build_track_segments,0,3,7,0,4,8
presentation_lookahead_greedy,7,5,build_track_segments,0,3,8,0,5,8
presentation_lookahead_greedy,7,6,upgrade_engine,0,4,11,0,5,8
presentation_lookahead_greedy,7,7,build_track_segments,0,0,11,0,6,8
presentation_lookahead_greedy,7,8,build_track_segments,0,4,13,0,7,8
presentation_lookahead_greedy,7,9,build_track_segments,0,4,18,0,8,8
presentation_lookahead_greedy,7,10,deliver_good,2,4,18,1,8,8
presentation_lookahead_greedy,7,11,deliver_good,4,4,18,2,8,8
presentation_lookahead_greedy,7,12,deliver_good,6,2,20,3,8,8
presentation_lookahead_greedy,7,13,deliver_good,8,2,20,4,8,8
presentation_lookahead_greedy,7,14,upgrade_engine,8,2,22,4,8,8
presentation_lookahead_greedy,7,15,urbanize,8,1,27,4,8,9
presentation_lookahead_greedy,7,16,deliver_good,11,1,27,5,8,9
presentation_lookahead_greedy,7,17,upgrade_engine,11,1,30,5,8,9
presentation_lookahead_greedy,7,18,deliver_good,15,1,33,6,8,9
presentation_lookahead_greedy,7,19,deliver_good,19,1,33,7,8,9
presentation_lookahead_greedy,7,20,deliver_good,23,1,33,8,8,9
presentation_lookahead_greedy,7,21,deliver_good,27,0,34,9,8,9
presentation_lookahead_greedy,7,22,deliver_good,30,0,34,10,8,9
presentation_lookahead_greedy,7,23,build_track_segments,30,3,36,10,9,9
presentation_lookahead_greedy,7,24,deliver_good,33,0,36,11,9,9
presentation_lookahead_greedy,7,25,build_track_segments,33,4,38,11,10,9
presentation_lookahead_greedy,7,26,urbanize,33,4,40,11,10,10
presentation_lookahead_greedy,7,27,deliver_good,37,1,40,12,10,10
presentation_lookahead_greedy,7,28,build_track_segments,37,1,41,12,11,10
presentation_lookahead_greedy,7,29,deliver_good,41,1,41,13,11,10
presentation_lookahead_greedy,7,30,deliver_good,45,5,41,14,11,10
presentation_lookahead_greedy,7,31,deliver_good,49,5,41,15,11,10
presentation_lookahead_greedy,7,32,deliver_good,51,5,41,16,11,10
presentation_lookahead_greedy,7,33,build_track_segments,51,10,42,16,12,10
presentation_lookahead_greedy,7,34,deliver_good,54,10,42,17,12,10
presentation_lookahead_greedy,7,35,build_track_segments,54,2,42,17,13,10
presentation_lookahead_greedy,7,36,build_track_segments,54,14,44,17,14,10
presentation_lookahead_greedy,7,37,build_track_segments,54,5,44,17,15,10
presentation_lookahead_greedy,7,38,upgrade_engine,54,0,47,17,15,10
presentation_lookahead_greedy,7,39,deliver_good,59,12,47,18,15,10
presentation_lookahead_greedy,7,40,upgrade_engine,59,2,50,18,15,10
presentation_lookahead_greedy,7,41,deliver_good,65,2,50,19,15,10
presentation_lookahead_greedy,7,42,upgrade_engine,65,11,56,19,15,10
objective_aware_greedy,7,1,build_track_segments,0,1,2,0,1,8
objective_aware_greedy,7,2,build_track_segments,0,1,3,0,2,8
objective_aware_greedy,7,3,build_track_segments,0,2,6,0,3,8
objective_aware_greedy,7,4,build_track_segments,0,3,8,0,4,8
objective_aware_greedy,7,5,build_track_segments,0,1,9,0,5,8
objective_aware_greedy,7,6,build_track_segments,0,0,13,0,6,8
objective_aware_greedy,7,7,build_track_segments,0,0,14,0,7,8
objective_aware_greedy,7,8,upgrade_engine,0,0,15,0,7,8
objective_aware_greedy,7,9,deliver_good,2,2,18,1,7,8
objective_aware_greedy,7,10,deliver_good,4,2,18,2,7,8
objective_aware_greedy,7,11,build_track_segments,4,3,19,2,8,8
objective_aware_greedy,7,12,deliver_good,6,0,21,3,8,8
objective_aware_greedy,7,13,deliver_good,8,0,21,4,8,8
objective_aware_greedy,7,14,upgrade_engine,8,0,23,4,8,8
objective_aware_greedy,7,15,deliver_good,11,3,26,5,8,8
objective_aware_greedy,7,16,deliver_good,14,3,26,6,8,8
objective_aware_greedy,7,17,deliver_good,17,3,26,7,8,8
objective_aware_greedy,7,18,deliver_good,20,2,27,8,8,8
objective_aware_greedy,7,19,build_track_segments,20,4,29,8,9,8
objective_aware_greedy,7,20,deliver_good,23,4,29,9,9,8
objective_aware_greedy,7,21,build_track_segments,23,3,32,9,10,8
objective_aware_greedy,7,22,deliver_good,26,3,32,10,10,8
objective_aware_greedy,7,23,build_track_segments,26,3,33,10,11,8
objective_aware_greedy,7,24,build_track_segments,26,0,35,10,12,8
objective_aware_greedy,7,25,upgrade_engine,26,0,38,10,12,8
objective_aware_greedy,7,26,deliver_good,30,0,38,11,12,8
objective_aware_greedy,7,27,build_track_segments,30,4,42,11,13,8
objective_aware_greedy,7,28,deliver_good,34,4,42,12,13,8
objective_aware_greedy,7,29,build_track_segments,34,3,43,12,14,8
objective_aware_greedy,7,30,build_track_segments,34,0,46,12,15,8
objective_aware_greedy,7,31,pass,34,0,46,12,15,8
objective_aware_greedy,7,32,pass,34,0,46,12,15,8
objective_aware_greedy,7,33,pass,34,3,49,12,15,8
objective_aware_greedy,7,34,pass,34,3,49,12,15,8
objective_aware_greedy,7,35,pass,34,3,49,12,15,8
objective_aware_greedy,7,36,pass,34,3,52,12,15,8
objective_aware_greedy,7,37,pass,34,3,52,12,15,8
objective_aware_greedy,7,38,pass,34,3,52,12,15,8
objective_aware_greedy,7,39,pass,34,0,55,12,15,8
objective_aware_greedy,7,40,pass,34,0,55,12,15,8
objective_aware_greedy,7,41,pass,34,0,55,12,15,8
objective_aware_greedy,7,42,pass,34,4,60,12,15,8
objective_aware_greedy,7,43,pass,34,4,60,12,15,8
objective_aware_greedy,7,44,pass,34,4,60,12,15,8
objective_aware_greedy,7,45,pass,34,3,65,12,15,8
objective_aware_greedy,7,46,pass,34,3,65,12,15,8
objective_aware_greedy,7,47,pass,34,3,65,12,15,8
objective_aware_greedy,7,48,pass,34,2,71,12,15,8
objective_aware_greedy,7,49,pass,34,2,71,12,15,8
objective_aware_greedy,7,50,pass,34,2,71,12,15,8
objective_aware_greedy,7,51,pass,34,0,78,12,15,8
objective_aware_greedy,7,52,pass,34,0,78,12,15,8
objective_aware_greedy,7,53,pass,34,0,78,12,15,8
objective_aware_greedy,7,54,pass,34,1,87,12,15,8
objective_aware_greedy,7,55,pass,34,1,87,12,15,8
objective_aware_greedy,7,56,pass,34,1,87,12,15,8
objective_aware_greedy,7,57,pass,34,3,98,12,15,8
objective_aware_greedy,7,58,pass,34,3,98,12,15,8
objective_aware_greedy,7,59,pass,34,3,98,12,15,8
objective_aware_greedy,7,60,pass,34,4,111,12,15,8
urbanization_aware_lookahead_greedy,8,1,build_track_segments,0,0,1,0,1,8
urbanization_aware_lookahead_greedy,8,2,build_track_segments,0,0,2,0,2,8
urbanization_aware_lookahead_greedy,8,3,build_track_segments,0,2,5,0,3,8
urbanization_aware_lookahead_greedy,8,4,build_track_segments,0,3,7,0,4,8
urbanization_aware_lookahead_greedy,8,5,build_track_segments,0,3,8,0,5,8
urbanization_aware_lookahead_greedy,8,6,upgrade_engine,0,4,11,0,5,8
urbanization_aware_lookahead_greedy,8,7,build_track_segments,0,0,11,0,6,8
urbanization_aware_lookahead_greedy,8,8,build_track_segments,0,4,13,0,7,8
urbanization_aware_lookahead_greedy,8,9,build_track_segments,0,4,18,0,8,8
urbanization_aware_lookahead_greedy,8,10,urbanize,0,4,20,0,8,9
urbanization_aware_lookahead_greedy,8,11,deliver_good,2,4,20,1,8,9
urbanization_aware_lookahead_greedy,8,12,build_track_segments,2,0,24,1,9,9
urbanization_aware_lookahead_greedy,8,13,urbanize,2,0,26,1,9,10
urbanization_aware_lookahead_greedy,8,14,deliver_good,4,0,26,2,9,10
urbanization_aware_lookahead_greedy,8,15,build_track_segments,4,0,32,2,10,10
urbanization_aware_lookahead_greedy,8,16,deliver_good,6,0,32,3,10,10
urbanization_aware_lookahead_greedy,8,17,deliver_good,8,0,32,4,10,10
urbanization_aware_lookahead_greedy,8,18,deliver_good,10,3,37,5,10,10
urbanization_aware_lookahead_greedy,8,19,deliver_good,12,3,37,6,10,10
urbanization_aware_lookahead_greedy,8,20,upgrade_engine,12,3,39,6,10,10
urbanization_aware_lookahead_greedy,8,21,upgrade_engine,12,3,48,6,10,10
urbanization_aware_lookahead_greedy,8,22,deliver_good,16,3,48,7,10,10
urbanization_aware_lookahead_greedy,8,23,deliver_good,20,3,48,8,10,10
urbanization_aware_lookahead_greedy,8,24,deliver_good,24,4,53,9,10,10
urbanization_aware_lookahead_greedy,8,25,deliver_good,28,4,53,10,10,10
urbanization_aware_lookahead_greedy,8,26,deliver_good,32,4,53,11,10,10
urbanization_aware_lookahead_greedy,8,27,deliver_good,35,1,56,12,10,10
urbanization_aware_lookahead_greedy,8,28,deliver_good,38,1,56,13,10,10
urbanization_aware_lookahead_greedy,8,29,build_track_segments,38,4,58,13,11,10
urbanization_aware_lookahead_greedy,8,30,deliver_good,41,2,61,14,11,10
urbanization_aware_lookahead_greedy,8,31,build_track_segments,41,3,63,14,12,10
urbanization_aware_lookahead_greedy,8,32,deliver_good,44,3,63,15,12,10
urbanization_aware_lookahead_greedy,8,33,build_track_segments,44,0,68,15,13,10
urbanization_aware_lookahead_greedy,8,34,build_track_segments,44,2,70,15,14,10
urbanization_aware_lookahead_greedy,8,35,build_track_segments,44,3,72,15,15,10
urbanization_aware_lookahead_greedy,8,36,upgrade_engine,44,1,82,15,15,10
urbanization_aware_lookahead_greedy,8,37,upgrade_engine,44,1,87,15,15,10
urbanization_aware_lookahead_greedy,8,38,deliver_good,50,1,87,16,15,10
urbanization_aware_lookahead_greedy,8,39,deliver_good,56,0,93,17,15,10
urbanization_aware_lookahead_greedy,8,40,deliver_good,62,0,93,18,15,10
urbanization_aware_lookahead_greedy,8,41,deliver_good,68,0,93,19,15,10
urbanization_aware_lookahead_greedy,8,42,upgrade_engine,68,4,106,19,15,10
urbanization_aware_lookahead_greedy,8,43,deliver_good,75,4,106,20,15,10
urbanization_aware_lookahead_greedy,8,44,upgrade_engine,75,4,113,20,15,10
urbanization_aware_lookahead_greedy,8,45,deliver_good,83,4,119,21,15,10
presentation_lookahead_greedy,8,1,build_track_segments,0,0,1,0,1,8
presentation_lookahead_greedy,8,2,build_track_segments,0,0,2,0,2,8
presentation_lookahead_greedy,8,3,build_track_segments,0,2,5,0,3,8
presentation_lookahead_greedy,8,4,build_track_segments,0,3,7,0,4,8
presentation_lookahead_greedy,8,5,build_track_segments,0,3,8,0,5,8
presentation_lookahead_greedy,8,6,upgrade_engine,0,4,11,0,5,8
presentation_lookahead_greedy,8,7,build_track_segments,0,0,11,0,6,8
presentation_lookahead_greedy,8,8,build_track_segments,0,4,13,0,7,8
presentation_lookahead_greedy,8,9,build_track_segments,0,4,18,0,8,8
presentation_lookahead_greedy,8,10,deliver_good,2,4,18,1,8,8
presentation_lookahead_greedy,8,11,deliver_good,4,4,18,2,8,8
presentation_lookahead_greedy,8,12,deliver_good,6,2,20,3,8,8
presentation_lookahead_greedy,8,13,deliver_good,8,2,20,4,8,8
presentation_lookahead_greedy,8,14,upgrade_engine,8,2,22,4,8,8
presentation_lookahead_greedy,8,15,urbanize,8,1,27,4,8,9
presentation_lookahead_greedy,8,16,deliver_good,11,1,27,5,8,9
presentation_lookahead_greedy,8,17,upgrade_engine,11,1,30,5,8,9
presentation_lookahead_greedy,8,18,deliver_good,15,1,33,6,8,9
presentation_lookahead_greedy,8,19,deliver_good,19,1,33,7,8,9
presentation_lookahead_greedy,8,20,deliver_good,23,1,33,8,8,9
presentation_lookahead_greedy,8,21,deliver_good,27,0,34,9,8,9
presentation_lookahead_greedy,8,22,deliver_good,30,0,34,10,8,9
presentation_lookahead_greedy,8,23,build_track_segments,30,4,36,10,9,9
presentation_lookahead_greedy,8,24,urbanize,30,1,39,10,9,10
presentation_lookahead_greedy,8,25,deliver_good,34,1,39,11,9,10
presentation_lookahead_greedy,8,26,deliver_good,38,1,39,12,9,10
presentation_lookahead_greedy,8,27,deliver_good,42,4,39,13,9,10
presentation_lookahead_greedy,8,28,build_track_segments,42,4,40,13,10,10
presentation_lookahead_greedy,8,29,deliver_good,46,4,40,14,10,10
presentation_lookahead_greedy,8,30,deliver_good,48,12,40,15,10,10
presentation_lookahead_greedy,8,31,deliver_good,50,12,40,16,10,10
presentation_lookahead_greedy,8,32,build_track_segments,50,3,40,16,11,10
presentation_lookahead_greedy,8,33,deliver_good,53,16,40,17,11,10
presentation_lookahead_greedy,8,34,build_track_segments,53,9,40,17,12,10
presentation_lookahead_greedy,8,35,build_track_segments,53,1,40,17,13,10
presentation_lookahead_greedy,8,36,build_track_segments,53,14,42,17,14,10
presentation_lookahead_greedy,8,37,build_track_segments,53,5,42,17,15,10
presentation_lookahead_greedy,8,38,upgrade_engine,53,0,45,17,15,10
presentation_lookahead_greedy,8,39,deliver_good,58,13,45,18,15,10
presentation_lookahead_greedy,8,40,upgrade_engine,58,3,48,18,15,10
presentation_lookahead_greedy,8,41,deliver_good,64,3,48,19,15,10
presentation_lookahead_greedy,8,42,upgrade_engine,64,13,54,19,15,10
objective_aware_greedy,8,1,build_track_segments,0,1,2,0,1,8
objective_aware_greedy,8,2,build_track_segments,0,1,3,0,2,8
objective_aware_greedy,8,3,build_track_segments,0,2,6,0,3,8
objective_aware_greedy,8,4,build_track_segments,0,3,8,0,4,8
objective_aware_greedy,8,5,build_track_segments,0,1,9,0,5,8
objective_aware_greedy,8,6,build_track_segments,0,0,13,0,6,8
objective_aware_greedy,8,7,build_track_segments,0,0,14,0,7,8
objective_aware_greedy,8,8,upgrade_engine,0,0,15,0,7,8
objective_aware_greedy,8,9,deliver_good,2,2,18,1,7,8
objective_aware_greedy,8,10,deliver_good,4,2,18,2,7,8
objective_aware_greedy,8,11,build_track_segments,4,3,19,2,8,8
objective_aware_greedy,8,12,deliver_good,6,0,21,3,8,8
objective_aware_greedy,8,13,deliver_good,8,0,21,4,8,8
objective_aware_greedy,8,14,upgrade_engine,8,0,23,4,8,8
objective_aware_greedy,8,15,deliver_good,11,3,26,5,8,8
objective_aware_greedy,8,16,deliver_good,14,3,26,6,8,8
objective_aware_greedy,8,17,deliver_good,17,3,26,7,8,8
objective_aware_greedy,8,18,deliver_good,20,2,27,8,8,8
objective_aware_greedy,8,19,build_track_segments,20,4,29,8,9,8
objective_aware_greedy,8,20,deliver_good,23,4,29,9,9,8
objective_aware_greedy,8,21,build_track_segments,23,3,32,9,10,8
objective_aware_greedy,8,22,deliver_good,26,3,32,10,10,8
objective_aware_greedy,8,23,build_track_segments,26,3,33,10,11,8
objective_aware_greedy,8,24,build_track_segments,26,0,35,10,12,8
objective_aware_greedy,8,25,upgrade_engine,26,0,38,10,12,8
objective_aware_greedy,8,26,deliver_good,30,0,38,11,12,8
objective_aware_greedy,8,27,build_track_segments,30,4,42,11,13,8
objective_aware_greedy,8,28,deliver_good,34,4,42,12,13,8
objective_aware_greedy,8,29,build_track_segments,34,3,43,12,14,8
objective_aware_greedy,8,30,build_track_segments,34,0,46,12,15,8
objective_aware_greedy,8,31,pass,34,0,46,12,15,8
objective_aware_greedy,8,32,pass,34,0,46,12,15,8
objective_aware_greedy,8,33,pass,34,3,49,12,15,8
objective_aware_greedy,8,34,pass,34,3,49,12,15,8
objective_aware_greedy,8,35,pass,34,3,49,12,15,8
objective_aware_greedy,8,36,pass,34,3,52,12,15,8
objective_aware_greedy,8,37,pass,34,3,52,12,15,8
objective_aware_greedy,8,38,pass,34,3,52,12,15,8
objective_aware_greedy,8,39,pass,34,0,55,12,15,8
objective_aware_greedy,8,40,pass,34,0,55,12,15,8
objective_aware_greedy,8,41,pass,34,0,55,12,15,8
objective_aware_greedy,8,42,pass,34,4,60,12,15,8
objective_aware_greedy,8,43,pass,34,4,60,12,15,8
objective_aware_greedy,8,44,pass,34,4,60,12,15,8
objective_aware_greedy,8,45,pass,34,3,65,12,15,8
objective_aware_greedy,8,46,pass,34,3,65,12,15,8
objective_aware_greedy,8,47,pass,34,3,65,12,15,8
objective_aware_greedy,8,48,pass,34,2,71,12,15,8
objective_aware_greedy,8,49,pass,34,2,71,12,15,8
objective_aware_greedy,8,50,pass,34,2,71,12,15,8
objective_aware_greedy,8,51,pass,34,0,78,12,15,8
objective_aware_greedy,8,52,pass,34,0,78,12,15,8
objective_aware_greedy,8,53,pass,34,0,78,12,15,8
objective_aware_greedy,8,54,pass,34,1,87,12,15,8
objective_aware_greedy,8,55,pass,34,1,87,12,15,8
objective_aware_greedy,8,56,pass,34,1,87,12,15,8
objective_aware_greedy,8,57,pass,34,3,98,12,15,8
objective_aware_greedy,8,58,pass,34,3,98,12,15,8
objective_aware_greedy,8,59,pass,34,3,98,12,15,8
objective_aware_greedy,8,60,pass,34,4,111,12,15,8
urbanization_aware_lookahead_greedy,9,1,build_track_segments,0,0,1,0,1,8
urbanization_aware_lookahead_greedy,9,2,build_track_segments,0,0,2,0,2,8
urbanization_aware_lookahead_greedy,9,3,build_track_segments,0,2,5,0,3,8
urbanization_aware_lookahead_greedy,9,4,build_track_segments,0,3,7,0,4,8
urbanization_aware_lookahead_greedy,9,5,build_track_segments,0,3,8,0,5,8
urbanization_aware_lookahead_greedy,9,6,upgrade_engine,0,4,11,0,5,8
urbanization_aware_lookahead_greedy,9,7,build_track_segments,0,0,11,0,6,8
urbanization_aware_lookahead_greedy,9,8,build_track_segments,0,4,13,0,7,8
urbanization_aware_lookahead_greedy,9,9,build_track_segments,0,4,18,0,8,8
urbanization_aware_lookahead_greedy,9,10,urbanize,0,4,20,0,8,9
urbanization_aware_lookahead_greedy,9,11,upgrade_engine,0,4,22,0,8,9
urbanization_aware_lookahead_greedy,9,12,upgrade_engine,0,4,30,0,8,9
urbanization_aware_lookahead_greedy,9,13,deliver_good,4,4,30,1,8,9
urbanization_aware_lookahead_greedy,9,14,deliver_good,8,4,30,2,8,9
urbanization_aware_lookahead_greedy,9,15,urbanize,8,0,36,2,8,10
urbanization_aware_lookahead_greedy,9,16,build_track_segments,8,4,38,2,9,10
urbanization_aware_lookahead_greedy,9,17,deliver_good,12,4,38,3,9,10
urbanization_aware_lookahead_greedy,9,18,deliver_good,16,2,42,4,9,10
urbanization_aware_lookahead_greedy,9,19,deliver_good,19,2,42,5,9,10
urbanization_aware_lookahead_greedy,9,20,deliver_good,22,2,42,6,9,10
urbanization_aware_lookahead_greedy,9,21,deliver_good,25,0,45,7,9,10
urbanization_aware_lookahead_greedy,9,22,deliver_good,27,0,45,8,9,10
urbanization_aware_lookahead_greedy,9,23,deliver_good,29,0,45,9,9,10
urbanization_aware_lookahead_greedy,9,24,deliver_good,31,1,48,10,9,10
urbanization_aware_lookahead_greedy,9,25,build_track_segments,31,4,50,10,10,10
urbanization_aware_lookahead_greedy,9,26,deliver_good,34,4,50,11,10,10
urbanization_aware_lookahead_greedy,9,27,build_track_segments,34,4,55,11,11,10
urbanization_aware_lookahead_greedy,9,28,deliver_good,37,4,55,12,11,10
urbanization_aware_lookahead_greedy,9,29,build_track_segments,37,0,56,12,12,10
urbanization_aware_lookahead_greedy,9,30,deliver_good,40,4,60,13,12,10
urbanization_aware_lookahead_greedy,9,31,build_track_segments,40,4,61,13,13,10
urbanization_aware_lookahead_greedy,9,32,build_track_segments,40,1,62,13,14,10
urbanization_aware_lookahead_greedy,9,33,build_track_segments,40,3,69,13,15,10
urbanization_aware_lookahead_greedy,9,34,upgrade_engine,40,3,73,13,15,10
urbanization_aware_lookahead_greedy,9,35,upgrade_engine,40,3,78,13,15,10
urbanization_aware_lookahead_greedy,9,36,upgrade_engine,40,4,93,13,15,10
urbanization_aware_lookahead_greedy,9,37,deliver_good,47,4,93,14,15,10
urbanization_aware_lookahead_greedy,9,38,deliver_good,54,4,93,15,15,10
urbanization_aware_lookahead_greedy,9,39,deliver_good,61,2,99,16,15,10
urbanization_aware_lookahead_greedy,9,40,deliver_good,68,2,99,17,15,10
urbanization_aware_lookahead_greedy,9,41,deliver_good,75,2,99,18,15,10
urbanization_aware_lookahead_greedy,9,42,deliver_good,82,0,102,19,15,10
urbanization_aware_lookahead_greedy,9,43,deliver_good,88,0,102,20,15,10
urbanization_aware_lookahead_greedy,9,44,upgrade_engine,88,0,109,20,15,10
urbanization_aware_lookahead_greedy,9,45,deliver_good,96,2,112,21,15,10
presentation_lookahead_greedy,9,1,build_track_segments,0,0,1,0,1,8
presentation_lookahead_greedy,9,2,build_track_segments,0,0,2,0,2,8
presentation_lookahead_greedy,9,3,build_track_segments,0,2,5,0,3,8
presentation_lookahead_greedy,9,4,build_track_segments,0,3,7,0,4,8
presentation_lookahead_greedy,9,5,build_track_segments,0,3,8,0,5,8
presentation_lookahead_greedy,9,6,upgrade_engine,0,4,11,0,5,8
presentation_lookahead_greedy,9,7,build_track_segments,0,0,11,0,6,8
presentation_lookahead_greedy,9,8,build_track_segments,0,4,13,0,7,8
presentation_lookahead_greedy,9,9,build_track_segments,0,4,18,0,8,8
presentation_lookahead_greedy,9,10,deliver_good,2,4,18,1,8,8
presentation_lookahead_greedy,9,11,deliver_good,4,4,18,2,8,8
presentation_lookahead_greedy,9,12,deliver_good,6,2,20,3,8,8
presentation_lookahead_greedy,9,13,deliver_good,8,2,20,4,8,8
presentation_lookahead_greedy,9,14,upgrade_engine,8,2,22,4,8,8
presentation_lookahead_greedy,9,15,urbanize,8,1,27,4,8,9
presentation_lookahead_greedy,9,16,deliver_good,11,1,27,5,8,9
presentation_lookahead_greedy,9,17,deliver_good,14,1,27,6,8,9
presentation_lookahead_greedy,9,18,upgrade_engine,14,0,33,6,8,9
presentation_lookahead_greedy,9,19,deliver_good,18,0,33,7,8,9
presentation_lookahead_greedy,9,20,deliver_good,22,0,33,8,8,9
presentation_lookahead_greedy,9,21,deliver_good,26,3,35,9,8,9
presentation_lookahead_greedy,9,22,deliver_good,30,3,35,10,8,9
presentation_lookahead_greedy,9,23,deliver_good,33,3,35,11,8,9
presentation_lookahead_greedy,9,24,build_track_segments,33,3,37,11,9,9
presentation_lookahead_greedy,9,25,deliver_good,36,3,37,12,9,9
presentation_lookahead_greedy,9,26,build_track_segments,36,4,39,12,10,9
presentation_lookahead_greedy,9,27,deliver_good,39,4,39,13,10,9
presentation_lookahead_greedy,9,28,build_track_segments,39,4,40,13,11,9
presentation_lookahead_greedy,9,29,urbanize,39,4,42,13,11,10
presentation_lookahead_greedy,9,30,deliver_good,41,3,42,14,11,10
presentation_lookahead_greedy,9,31,build_track_segments,41,2,43,14,12,10
presentation_lookahead_greedy,9,32,build_track_segments,41,4,45,14,13,10
presentation_lookahead_greedy,9,33,build_track_segments,41,1,47,14,14,10
presentation_lookahead_greedy,9,34,build_track_segments,41,2,49,14,15,10
presentation_lookahead_greedy,9,35,upgrade_engine,41,2,53,14,15,10
presentation_lookahead_greedy,9,36,upgrade_engine,41,0,61,14,15,10
presentation_lookahead_greedy,9,37,deliver_good,47,0,61,15,15,10
presentation_lookahead_greedy,9,38,deliver_good,53,0,61,16,15,10
presentation_lookahead_greedy,9,39,upgrade_engine,53,1,70,16,15,10
presentation_lookahead_greedy,9,40,deliver_good,60,1,70,17,15,10
presentation_lookahead_greedy,9,41,deliver_good,67,1,70,18,15,10
presentation_lookahead_greedy,9,42,deliver_good,74,5,70,19,15,10
presentation_lookahead_greedy,9,43,deliver_good,81,5,70,20,15,10
presentation_lookahead_greedy,9,44,upgrade_engine,81,0,76,20,15,10
presentation_lookahead_greedy,9,45,deliver_good,89,13,76,21,15,10
objective_aware_greedy,9,1,build_track_segments,0,1,2,0,1,8
objective_aware_greedy,9,2,build_track_segments,0,1,3,0,2,8
objective_aware_greedy,9,3,build_track_segments,0,2,6,0,3,8
objective_aware_greedy,9,4,build_track_segments,0,3,8,0,4,8
objective_aware_greedy,9,5,build_track_segments,0,1,9,0,5,8
objective_aware_greedy,9,6,build_track_segments,0,0,13,0,6,8
objective_aware_greedy,9,7,build_track_segments,0,0,14,0,7,8
objective_aware_greedy,9,8,upgrade_engine,0,0,15,0,7,8
objective_aware_greedy,9,9,deliver_good,2,2,18,1,7,8
objective_aware_greedy,9,10,deliver_good,4,2,18,2,7,8
objective_aware_greedy,9,11,build_track_segments,4,3,19,2,8,8
objective_aware_greedy,9,12,deliver_good,6,0,21,3,8,8
objective_aware_greedy,9,13,deliver_good,8,0,21,4,8,8
objective_aware_greedy,9,14,upgrade_engine,8,0,23,4,8,8
objective_aware_greedy,9,15,deliver_good,11,3,26,5,8,8
objective_aware_greedy,9,16,deliver_good,14,3,26,6,8,8
objective_aware_greedy,9,17,deliver_good,17,3,26,7,8,8
objective_aware_greedy,9,18,deliver_good,20,2,27,8,8,8
objective_aware_greedy,9,19,build_track_segments,20,4,29,8,9,8
objective_aware_greedy,9,20,deliver_good,23,4,29,9,9,8
objective_aware_greedy,9,21,build_track_segments,23,3,32,9,10,8
objective_aware_greedy,9,22,deliver_good,26,3,32,10,10,8
objective_aware_greedy,9,23,build_track_segments,26,3,33,10,11,8
objective_aware_greedy,9,24,build_track_segments,26,0,35,10,12,8
objective_aware_greedy,9,25,upgrade_engine,26,0,38,10,12,8
objective_aware_greedy,9,26,deliver_good,30,0,38,11,12,8
objective_aware_greedy,9,27,build_track_segments,30,4,42,11,13,8
objective_aware_greedy,9,28,deliver_good,34,4,42,12,13,8
objective_aware_greedy,9,29,build_track_segments,34,3,43,12,14,8
objective_aware_greedy,9,30,build_track_segments,34,0,46,12,15,8
objective_aware_greedy,9,31,pass,34,0,46,12,15,8
objective_aware_greedy,9,32,pass,34,0,46,12,15,8
objective_aware_greedy,9,33,pass,34,3,49,12,15,8
objective_aware_greedy,9,34,pass,34,3,49,12,15,8
objective_aware_greedy,9,35,pass,34,3,49,12,15,8
objective_aware_greedy,9,36,pass,34,3,52,12,15,8
objective_aware_greedy,9,37,pass,34,3,52,12,15,8
objective_aware_greedy,9,38,pass,34,3,52,12,15,8
objective_aware_greedy,9,39,pass,34,0,55,12,15,8
objective_aware_greedy,9,40,pass,34,0,55,12,15,8
objective_aware_greedy,9,41,pass,34,0,55,12,15,8
objective_aware_greedy,9,42,pass,34,4,60,12,15,8
objective_aware_greedy,9,43,pass,34,4,60,12,15,8
objective_aware_greedy,9,44,pass,34,4,60,12,15,8
objective_aware_greedy,9,45,pass,34,3,65,12,15,8
objective_aware_greedy,9,46,pass,34,3,65,12,15,8
objective_aware_greedy,9,47,pass,34,3,65,12,15,8
objective_aware_greedy,9,48,pass,34,2,71,12,15,8
objective_aware_greedy,9,49,pass,34,2,71,12,15,8
objective_aware_greedy,9,50,pass,34,2,71,12,15,8
objective_aware_greedy,9,51,pass,34,0,78,12,15,8
objective_aware_greedy,9,52,pass,34,0,78,12,15,8
objective_aware_greedy,9,53,pass,34,0,78,12,15,8
objective_aware_greedy,9,54,pass,34,1,87,12,15,8
objective_aware_greedy,9,55,pass,34,1,87,12,15,8
objective_aware_greedy,9,56,pass,34,1,87,12,15,8
objective_aware_greedy,9,57,pass,34,3,98,12,15,8
objective_aware_greedy,9,58,pass,34,3,98,12,15,8
objective_aware_greedy,9,59,pass,34,3,98,12,15,8
objective_aware_greedy,9,60,pass,34,4,111,12,15,8
